ABATACEPT,ABATACEPT
ABATACEPT  250MG POWDER FOR CONCENTRATE FOR SOLUTION FOR INFUSION,ABATACEPT
ABATACEPT - ORENCIA (HOMECARE),ABATACEPT
ABATACEPT (homecare pen pack),ABATACEPT
ABATACEPT (homecare syringe pack),ABATACEPT
ABATACEPT (Orencia),ABATACEPT
ABATACEPT 250MG POWDER FOR SOLUTION FOR INFUSION VIALS,ABATACEPT
ABATACEPT-ORENCIA(HOMECARE),ABATACEPT
Abrocitinib,Abrocitinib
ACALABRUTINIB,ACALABRUTINIB
ADALIMUMAB,ADALIMUMAB
ADALIMUMAB - AMGEVITA,ADALIMUMAB
ADALIMUMAB - AMGEVITA (HOMECARE),ADALIMUMAB
ADALIMUMAB - HUMIRA (HOMECARE),ADALIMUMAB
ADALIMUMAB - IDACIO (HOMECARE),ADALIMUMAB
ADALIMUMAB - IMRALDI,ADALIMUMAB
ADALIMUMAB - IMRALDI (HOMECARE),ADALIMUMAB
ADALIMUMAB (Amgevita HOMECARE),ADALIMUMAB
ADALIMUMAB (AMGEVITA),ADALIMUMAB
ADALIMUMAB (AMGEVITA) (HOME DELIVERY),ADALIMUMAB
ADALIMUMAB (Humira FOR HOMECARE THERAPY),ADALIMUMAB
ADALIMUMAB (Humira HOMECARE),ADALIMUMAB
ADALIMUMAB (HUMIRA),ADALIMUMAB
ADALIMUMAB (Idacio HOMECARE),ADALIMUMAB
ADALIMUMAB (IDACIO),ADALIMUMAB
ADALIMUMAB (IDACIO) PF PEN (H DEL),ADALIMUMAB
ADALIMUMAB (Imraldi FOR HOMECARE THERAPY),ADALIMUMAB
ADALIMUMAB (Imraldi HOMECARE),ADALIMUMAB
ADALIMUMAB (IMRALDI),ADALIMUMAB
ADALIMUMAB 40MG/0.8ML SOLUTION FOR INJECTION PRE-FILLED SYRINGES,ADALIMUMAB
ADALIMUMAB-AMGEVITA(HOMECARE),ADALIMUMAB
ADALIMUMAB-HUMIRA(HOMECARE),ADALIMUMAB
ADALIMUMAB-IDACIO(HOMECARE),ADALIMUMAB
AFLIBERCEPT,AFLIBERCEPT
AFLIBERCEPT 4MG/100MICROLITRES SOLUTION FOR INJECTION VIALS,AFLIBERCEPT
AFLIBERCEPT intravitreal,AFLIBERCEPT
AFLIBERCEPT intravitreal (Left eye),AFLIBERCEPT
AFLIBERCEPT intravitreal (Right eye),AFLIBERCEPT
ALCURA (HOMECARE) CCG DELIVERY FEE,N/A
ALIROCUMAB,ALIROCUMAB
ALIROCUMAB (HOMECARE),ALIROCUMAB
ALIROCUMAB (Praluent FOR HOMECARE THERAPY),ALIROCUMAB
ALIROCUMAB (Praluent HOMECARE),ALIROCUMAB
ALIROCUMAB 150MG/1ML SOLUTION FOR INJECTION PRE-FILLED DISPOSABLE DEVICES,ALIROCUMAB
Alirocumab 75mg/1ml solution for injection pre-filled disposable devices,ALIROCUMAB
ALIROCUMAB!150mg/1mL!PRE-FILLED,ALIROCUMAB
ALITRETINOIN,ALITRETINOIN
ALITRETINOIN (P),ALITRETINOIN
AMGEVITA  40MG/0.8ML SOLUTION FOR INJECTION PRE-FILLED PEN,ADALIMUMAB
AMGEVITA (ADALIMUMAB),ADALIMUMAB
AMGEVITA (ADALIMUMAB) Pre-filled Syringe,ADALIMUMAB
AMGEVITA (HOMECARE PEN PACK) ADALIMUMAB,ADALIMUMAB
AMGEVITA (HOMECARE PFS PACK) ADALIMUMAB,ADALIMUMAB
AMGEVITA 40MG/0.8ML SOLUTION FOR INJECTION PRE-FILLED PENS (AMGEN LTD),ADALIMUMAB
AMGEVITA 40MG/0.8ML SOLUTION FOR INJECTION PRE-FILLED SYRINGES (AMGEN LTD),ADALIMUMAB
AMIKACIN,AMIKACIN
AMPHOTERICIN B LIPOSOMAL,AMPHOTERICIN B LIPOSOMAL
ANAKINRA,ANAKINRA
ANDEXANET ALFA,ANDEXANET ALFA
ANIDULAFUNGIN,ANIDULAFUNGIN
APALUTAMIDE,APALUTAMIDE
Apalutamide 60mg tablets,APALUTAMIDE
APOMORPHINE,APOMORPHINE
APOMORPHINE (HOMECARE),APOMORPHINE
APREMILAST,APREMILAST
APREMILAST (FOR HOMECARE THERAPY),APREMILAST
APREMILAST (HOME CARE),APREMILAST
APREMILAST (HOMECARE),APREMILAST
APREMILAST INITIATION PACK,APREMILAST
APREMILAST INITIATION PACK (HOMECARE),APREMILAST
APREMILAST STARTER PACK (,APREMILAST
APREMILAST STARTER PACK (FOR HOMECARE THERAPY),APREMILAST
APREMILAST TRITATION PACK (HOME CARE),APREMILAST
APREMILAST TRITATION PACK (HOMECARE),APREMILAST
APREMILAST(HOMECARE),APREMILAST
ARANESP 100MICROGRAMS/0.5ML SOLUTION FOR INJECTION PRE-FILLED SYRINGES (AMGEN LTD),DARBEPOETIN ALFA
ARANESP 20MICROGRAMS/0.5ML SOLUTION FOR INJECTION PRE-FILLED SYRINGES (AMGEN LTD),DARBEPOETIN ALFA
ARANESP 30MICROGRAMS/0.3ML SOLUTION FOR INJECTION PRE-FILLED SYRINGES (AMGEN LTD),DARBEPOETIN ALFA
ATEZOLIZUMAB,ATEZOLIZUMAB
Avalglucosidase alfa,Avalglucosidase alfa
AVASTIN 100MG/4ML SOLUTION FOR INFUSION VIALS (ROCHE PRODUCTS LTD),BEVACIZUMAB
Avastin 400mg/16ml solution for infusion vials (Roche Products Ltd),BEVACIZUMAB
AVATROMBOPAG,AVATROMBOPAG
AVATROMBOPAG 20MG TABLETS,AVATROMBOPAG
AXITINIB,AXITINIB
Azacitidine 100mg powder for suspension for injection vials,Azacitidine
AZATHIOPRINE,AZATHIOPRINE
AZATHIOPRINE (FOR HOMECARE THERAPY),AZATHIOPRINE
BACILLUS CALMETTE-GUERIN,BACILLUS CALMETTE-GUERIN
Bacillus Calmette-Guerin vaccine powder for suspension for injection 1ml vials,BACILLUS CALMETTE-GUERIN
BARICITINIB,BARICITINIB
BARICITINIB (COVID-19),BARICITINIB
BARICITINIB (HOMECARE),BARICITINIB
BARICITINIB (Olumiant HOMECARE),BARICITINIB
BARICITINIB (Olumiant),BARICITINIB
BARICITINIB (Olumiant) FOR HOMECARE THERAPY,BARICITINIB
BARICITINIB 4MG TABLETS,BARICITINIB
BARICITINIB!4mg!TABLETS,BARICITINIB
BARICITINIB(HOMECARE),BARICITINIB
BASILIXIMAB,BASILIXIMAB
Bavencio 200mg/10ml concentrate for solution for infusion vials (Merck Serono Ltd),Avelumab
BELIMUMAB,Etanercept
Bendamustine 100mg powder for solution for infusion vials,Bendamustine 
BENEPALI (Homecare prefilled pen) ETANERCEPT,BASILIXIMAB
BENEPALI (Homecare prefilled syringe) ETANERCEPT,BASILIXIMAB
BENEPALI 50MG/1ML SOLUTION FOR INJECTION PRE-FILLED PENS (BIOGEN IDEC LTD),Etanercept
BENEPALI 50MG/1ML SOLUTION FOR INJECTION PRE-FILLED SYRINGES (BIOGEN IDEC LTD),Etanercept
BENEPALI PRE-FILLED PEN  50MG INJECTION SOLUTION,Etanercept
BENRALIZUMAB,BENRALIZUMAB
BEOVU,BROLUCIZUMAB 
BERINERT 500UNIT POWDER AND SOLVENT FOR SOLUTION FOR INJECTION VIALS (CSL BEHRING UK LTD),"C1-esterase inhibitor, human"
BEROTRALSTAT,BEROTRALSTAT
BEVACIZUMAB,BEVACIZUMAB
BEVACIZUMAB 1.25mg in 0.05ml,BEVACIZUMAB
Bevacizumab 1.25mg/0.05ml solution for injection vials,Bevacizumab
BEVACIZUMAB 2.5mg/0.1ml,BEVACIZUMAB
BIMEKIZUMAB PRE-FILLED PEN (HOMECARE),BIMEKIZUMAB
"BLEOMYCIN 15,000UNIT POWDER FOR SOLUTION FOR INJECTION VIALS",Bleomycin
Bortezomib 2.5mg/1ml in Sodium chloride 0.9% solution for injection pre-filled syringes,Bortezomib
BORTEZOMIB 3.5MG POWDER FOR SOLUTION FOR INJECTION VIALS,Bortezomib
BOTOX,BOTULINUM A TOXIN
BOTOX  100UNIT POWDER FOR SOLUTION FOR INJECTION,BOTULINUM A TOXIN
BOTULINUM A TOXIN,BOTULINUM A TOXIN
BOTULINUM A TOXIN (Dysport),BOTULINUM A TOXIN
BOTULINUM A TOXIN-HAEMAGGLUTININ COMPLEX (Botox),BOTULINUM A TOXIN
BOTULINUM A TOXIN-HAEMAGGLUTININ COMPLEX (DYSPORT),BOTULINUM A TOXIN
BOTULINUM TOXIN TYPE A  500UNIT POWDER FOR SOLUTION FOR INJECTION,BOTULINUM A TOXIN
BOTULINUM TOXIN TYPE A (BOTOX),BOTULINUM A TOXIN
BOTULINUM TOXIN TYPE A (DYSPORT),BOTULINUM A TOXIN
Botulinum toxin type A 100unit powder for solution for injection vials,BOTULINUM A TOXIN
BOTULINUM TOXIN TYPE A 500UNIT POWDER FOR SOLUTION FOR INJECTION VIALS,BOTULINUM A TOXIN
BOTULINUM TOXIN TYPE A 50UNIT POWDER FOR SOLUTION FOR INJECTION VIALS,BOTULINUM A TOXIN
BOTULINUMATOXIN,BOTULINUM A TOXIN
Brentuximab vedotin 50mg powder for solution for infusion vials,Brentuximab vedotin 
BRODALUMAB,BRODALUMAB
BRODALUMAB (FOR HOMECARE THERAPY),N/A
brolucizumab,BROLUCIZUMAB 
Busulfan 2mg tablets,Busulfan 
C1-ESTERASE INHIBITOR (BERINERT),"C1-esterase inhibitor, human"
C1-esterase inhibitor 500unit powder and solvent for solution for injection vials,C1-esterase inhibitor 
Cabometyx 40mg tablets (Ipsen Ltd),Cabozantinib
Cabometyx 60mg tablets (Ipsen Ltd),Cabozantinib
CABOZANTINIB,CABOZANTINIB
Capecitabine 150mg tablets,Capecitabine
Capecitabine 500mg tablets,Capecitabine
CAPIMUNE 100MG CAPSULES (MYLAN),ciclosporin
CAPIMUNE 25MG CAPSULES (MYLAN),ciclosporin
CARBOPLATIN,CARBOPLATIN
Carboplatin 150mg/15ml solution for infusion vials,CARBOPLATIN
Carboplatin 450mg/45ml solution for infusion vials,CARBOPLATIN
Carboplatin 50mg/5ml solution for infusion vials,CARBOPLATIN
Carboplatin 600mg/60ml solution for infusion vials,CARBOPLATIN
Caspofungin 50mg powder for solution for infusion vials,Caspofungin
Caspofungin 70mg powder for solution for infusion vials,Caspofungin
CEPHALOSPORIN,CEPHALOSPORIN
CERTOLIZUMAB (Homecare PEN pack ),CERTOLIZUMAB PEGOL
CERTOLIZUMAB (Homecare PEN pack ) PAS,CERTOLIZUMAB PEGOL
CERTOLIZUMAB (Homecare syringe pack ),CERTOLIZUMAB PEGOL
CERTOLIZUMAB (Homecare syringe pack ) PAS,CERTOLIZUMAB PEGOL
CERTOLIZUMAB PEGOL,CERTOLIZUMAB PEGOL
CERTOLIZUMAB PEGOL - CIMZIA (HOMECARE FOC),CERTOLIZUMAB PEGOL
CERTOLIZUMAB PEGOL - CIMZIA (HOMECARE),CERTOLIZUMAB PEGOL
CERTOLIZUMAB PEGOL (Cimzia FOR HOMECARE THERAPY),CERTOLIZUMAB PEGOL
CERTOLIZUMABPEGOL-CIMZIA(HOMECARE),CERTOLIZUMAB PEGOL
Cetuximab 100mg/20ml solution for infusion vials,Cetuximab 
Chlorambucil 2mg tablets,Chlorambucil
CICLOSPORIN,CICLOSPORIN
CICLOSPORIN (CAPIMUNE),CICLOSPORIN
CIMZIA 200MG/1ML SOLUTION FOR INJECTION IN A DOSE-DISPENSER CARTRIDGE (UCB PHARMA LTD),CERTOLIZUMAB PEGOL
CIMZIA 200MG/1ML SOLUTION FOR INJECTION PRE-FILLED SYRINGES (UCB PHARMA LTD),Certolizumab pegol
CINACALCET,CINACALCET
CISPLATIN,CISPLATIN
Cisplatin 100mg/100ml solution for infusion vials,Cisplatin
Cisplatin 50mg/50ml concentrate for solution for infusion vials (Accord Healthcare Ltd),Cisplatin
CO-CARELDOPA INTESTINAL GEL CASSETTE,N/A
COLISTIMETHATE,COLISTIMETHATE
COLISTIMETHATE SODIUM,COLISTIMETHATE
COLISTIN,COLISTIN
Copaxone,Copaxone
CYCLOPHOSPHAMIDE,CYCLOPHOSPHAMIDE
Cyclophosphamide 4180mg/250ml in Sodium chloride 0.9% infusion bags,Cyclophosphamide
DARBEPOETIN ALFA,DARBEPOETIN ALFA
DARBEPOETIN ALFA (HOMECARE),DARBEPOETIN ALFA
DARBEPOETIN ALFA (HOMECARE) SURECLICK,DARBEPOETIN ALFA
DARBEPOETIN ALFA (HOMECARE) SYRINGE,DARBEPOETIN ALFA
Darolutamide 300mg tablets,Darolutamide
Dasatinib 20mg tablets,Dasatinib
Dasatinib 50mg tablets,Dasatinib
DEFERASIROX,DEFERASIROX
Deferasirox 360mg tablets,Deferasirox
Delivery charge,N/A
Delivery Fee East of England (Standard Ambient),N/A
DELIVERY/DISPENSING/SERVICE CHARGE,HOMECARE
DENOSUMAB,DENOSUMAB
DESFERRIOXAMINE,DESFERRIOXAMINE
DEXAMETHASONE,DEXAMETHASONE
DEXAMETHASONE 700MICROGRAM INTRAVITREAL IMPLANT WITH DEVICE,DEXAMETHASONE
Dexrazoxane 500mg powder for solution for infusion vials,Dexrazoxane
DIGIFAB,Digoxin immune fab
DIMETHYL FUMARATE,DIMETHYL FUMARATE
DIMETHYL FUMARATE (SKILARENCE),DIMETHYL FUMARATE
Dimethyl fumarate 120mg gastro-resistant tablets,Dimethyl
DIMETHYL FUMERATE,DIMETHYL FUMARATE
DOCETAXEL,DOCETAXEL
Docetaxel 160mg/8ml solution for infusion vials,Docetaxel
Docetaxel 20mg/1ml solution for infusion vials,Docetaxel
Docetaxel 80mg/4ml solution for infusion vials,Docetaxel
DOXORUBICIN,DOXORUBICIN
DOXORUBICIN LIPOSOMAL PEGYLATED,DOXORUBICIN
DULAGLUTIDE,DULAGLUTIDE
DUPILUMAB,DUPILUMAB
DUPILUMAB (Dupixent FOR HOMECARE THERAPY),DUPILUMAB
DUPILUMAB (FOC),DUPILUMAB
DUPILUMAB (HOMECARE),DUPILUMAB
DUPILUMAB (HOMECARE) DUPIXENT,DUPILUMAB
DUPILUMAB (HOMECARE) DUPIXENT PFS,DUPILUMAB
DUPILUMAB(HOMECARE),DUPILUMAB
DUPIXENT 300MG/2ML SOLUTION FOR INJECTION PRE-FILLED PENS (SANOFI),DUPILUMAB
DUPIXENT 300MG/2ML SOLUTION FOR INJECTION PRE-FILLED SYRINGES (SANOFI),Dupilumab
DYSPORT,BOTULINUM A TOXIN
DYSPORT  500UNIT POWDER FOR SOLUTION FOR INJECTION,BOTULINUM A TOXIN
East of Eng FW lot 1&2 ambient standard delivery,N/A
Ecalta 100mg powder for concentrate for solution for infusion vials (Pfizer Ltd),Anidulafungin
ECULIZUMAB,ECULIZUMAB
EFUDIX 5% CREAM (MYLAN),EFUDIX
ELTROMBOPAG,ELTROMBOPAG
ELTROMBOPAG  75MG TABLETS,ELTROMBOPAG
ELTROMBOPAG (HOMECARE),ELTROMBOPAG
Eltrombopag 25mg tablets,Eltrombopag
ELTROMBOPAG 50MG TABLETS,ELTROMBOPAG
Emtricitabine 200mg / Tenofovir alafenamide 25mg tablets,Emtricitabine
ENBREL (homecare pen pack) ETANERCEPT,ETANERCEPT
ENBREL (Homecare prefilled syringe) ETANERCEPT,ETANERCEPT
ENBREL (homecare vial pack) ETANERCEPT,ETANERCEPT
ENBREL 25MG POWDER AND SOLVENT FOR SOLUTION FOR INJECTION VIALS (PFIZER LTD),Etanercept
ENBREL 50MG/1ML SOLUTION FOR INJECTION PRE-FILLED SYRINGES (PFIZER LTD),Etanercept
ENHERTU 100MG POWDER FOR CONCENTRATE FOR SOLUTION FOR INFUSION VIALS (DAIICHI SANKYO UK LTD),TRASTUZUMAB
ENZALUTAMIDE,ENZALUTAMIDE
EPIRUBICIN,EPIRUBICIN
EPIRUBICIN 200MG/100ML SOLUTION FOR INFUSION VIALS,EPIRUBICIN
EPIRUBICIN 50MG POWDER FOR SOLUTION FOR INJECTION VIALS,EPIRUBICIN
EPOETIN ALFA,EPOETIN ALFA
EPOETIN ALFA (EPREX Pre-filled Syringe),EPOETIN ALFA
EPOETIN ALFA (EPREX),EPOETIN ALFA
EPOETIN ALFA (EPREX) (HOMECARE),EPOETIN ALFA
"Epoetin alfa 2,000units/0.5ml solution for injection pre-filled syringes",Epoetin
"Epoetin alfa 3,000units/0.3ml solution for injection pre-filled syringes",Epoetin
"Epoetin alfa 4,000units/0.4ml solution for injection pre-filled syringes",Epoetin
"Epoetin alfa 5,000units/0.5ml solution for injection pre-filled syringes",Epoetin
"Epoetin alfa 6,000units/0.6ml solution for injection pre-filled syringes",Epoetin
EPOETIN BETA (NEORECORMON pre-filled syringe HOMECARE),EPOETIN BETA
EPOETIN BETA (NEORECORMON Pre-filled syringe),EPOETIN BETA
EPOETIN BETA (NEORECORMON) HOMECARE,EPOETIN BETA
Erbitux 500mg/100ml solution for infusion vials (Merck Serono Ltd),Cetuximab
ERELZI 50MG/1ML SOLUTION FOR INJECTION PRE-FILLED PENS (SANDOZ LTD),Etanercept
ERELZI 50MG/1ML SOLUTION FOR INJECTION PRE-FILLED SYRINGES (SANDOZ LTD),Etanercept
ERENUMAB,ERENUMAB
ETANERCEPT,ETANERCEPT
ETANERCEPT - BENEPALI,ETANERCEPT
ETANERCEPT - BENEPALI (HOMECARE),ETANERCEPT
ETANERCEPT - ENBREL (HOMECARE),ETANERCEPT
ETANERCEPT - ENBREL MYCLIC (HOMECARE),ETANERCEPT
"ETANERCEPT - ENBREL, 'MYCLIC' (HOMECARE)",ETANERCEPT
ETANERCEPT - ERELZI (HOMECARE),ETANERCEPT
ETANERCEPT (BENEPALI FOR HOMECARE THERAPY),ETANERCEPT
ETANERCEPT (BENEPALI),ETANERCEPT
ETANERCEPT (BENEPALI) (HOME DELIVERY),ETANERCEPT
ETANERCEPT (ENBREL FOR HOMECARE THERAPY) MYCLIC,ETANERCEPT
ETANERCEPT (ENBREL),ETANERCEPT
ETANERCEPT-BENEPALI(HOMECARE),ETANERCEPT
ETANERCEPT-ENBREL(HOMECARE),ETANERCEPT
"ETANERCEPT-ENBREL,'MYCLIC'(HOMECARE)",ETANERCEPT
ETANERCEPT-ERELZI(HOMECARE),ETANERCEPT
EVOLOCUMAB,EVOLOCUMAB
EVOLOCUMAB (Repatha HOMECARE),EVOLOCUMAB
EVOLOCUMAB (REPATHA SURE CLICK)(HOMECARE),EVOLOCUMAB
EVOLOCUMAB SURE CLICK (HOMECARE),EVOLOCUMAB
EVOLOCUMAB!140mg/1mL!PRE-FILLED,EVOLOCUMAB
EVOLOCUMAB(REPATHASURECLICK)(HOMECARE),EVOLOCUMAB
EYLEA,AFLIBERCEPT
EYLEA 3.6MG/90MICROLITRES SOLUTION FOR INJECTION PRE-FILLED SYRINGES (BAYER PLC),Aflibercept
FARICIMAB,FARICIMAB
FARICIMAB (Left eye),FARICIMAB
FARICIMAB (Right eye),FARICIMAB
FARICIMAB (Vabysmo),FARICIMAB
FARICIMAB 28.8MG/0.24ML SOLUTION FOR INJECTION VIALS,FARICIMAB
FASENRA,N/A
FEIBA,N/A
FIDAXOMICIN,FIDAXOMICIN
FILGOTINIB,FILGOTINIB
FILGOTINIB (HOMECARE),FILGOTINIB
FILGOTINIB (Jyseleca FOR HOMECARE THERAPY),FILGOTINIB
FILGOTINIB(HOMECARE),FILGOTINIB
FILGRASTIM,FILGRASTIM
FLUOCINOLONE ACETONIDE,FLUOCINOLONE ACETONIDE
FLUOCINOLONE ACETONIDE 190MICROGRAM INTRAVITREAL IMPLANT WITH DEVICE,FLUOCINOLONE
FLUOROURACIL,FLUOROURACIL
FLUOROURACIL  pre-filled syringe,FLUOROURACIL
FLUOROURACIL 2.5G/50ML SOLUTION FOR INFUSION VIALS,FLUOROURACIL
FLUOROURACIL 250MG/10ML SOLUTION FOR INJECTION VIALS,FLUOROURACIL
FLUOROURACIL 500MG/10ML SOLUTION FOR INJECTION VIALS,FLUOROURACIL
FLUOROURACIL 500MG/20ML SOLUTION FOR INJECTION VIALS,FLUOROURACIL
FLUOROURACIL 600MG/24ML SOLUTION FOR INJECTION PRE-FILLED SYRINGES,FLUOROURACIL
FOMEPIZOLE,FOMEPIZOLE
FOMEPIZOLE 1.5g in 1.5mL,FOMEPIZOLE
FOMEPIZOLE 1.5G/1.5ML SOLUTION FOR INFUSION VIALS,FOMEPIZOLE
FORSTEO (Homecare prefilled pen) TERIPARATIDE,FORSTEO
FOSTAMATINIB,FOSTAMATINIB
FOSTAMATINIB (HOMECARE),FOSTAMATINIB
FREESTYLE LIBRE 2 GLUCOSE MONITORING READER,N/A
FREESTYLE LIBRE 2 GLUCOSE MONITORING SENSOR,N/A
FREESTYLE LIBRE GLUCOSE MONITORING READER,N/A
FREESTYLE LIBRE GLUCOSE MONITORING SENSOR,N/A
FREESTYLELIBRE2GLUCOSEMONITORINGREADER,N/A
FREESTYLELIBRE2GLUCOSEMONITORINGSENSOR,N/A
FREMANEZUMAB,FREMANEZUMAB
FREMANEZUMAB (ALCURA HOMECARE),FREMANEZUMAB
FREMANEZUMAB (HOMECARE),FREMANEZUMAB
FREMANEZUMAB 225MG/1.5ML SOLUTION FOR INJECTION PRE-FILLED DISPOSABLE DEVICES,FREMANEZUMAB
FREMANEZUMAB 225MG/1.5ML SOLUTION FOR INJECTION PRE-FILLED SYRINGES,FREMANEZUMAB
FREMANEZUMAB!225mg/1.5mL!PRE-FILLED,FREMANEZUMAB
FRESENIUS (HOMECARE) 12/16 WEEKLY DELIVERY FEE,FREMANEZUMAB
FRESENIUS (HOMECARE) 8 WEEKLY DELIVERY FEE,FREMANEZUMAB
FRESENIUS (HOMECARE) DELIVERY FEE,HOMECARE
FULVESTRANT,FULVESTRANT
FULVESTRANT (2 x 250mg syringe pack),FULVESTRANT
Galcanezumab,GALCANEZUMAB
GALCANEZUMAB (EMGALITY) (HOMECARE PEN),GALCANEZUMAB
GALCANEZUMAB (HOMECARE),GOLIMUMAB
Galcanezumab 120mg/1ml solution for injection pre-filled disposable devices,Galcanezumab
GEMCITABINE,GEMCITABINE
Generic Palforzia initial dose escalation pack,Palforzia
GENERIC TRIOMEL 7G/LITRE NITROGEN 1140KCAL/LITRE WITH ELECTROLYTES INFUSION 1.5LITRE BAGS,GENERIC
Genotropin 12mg powder and solvent for solution for injection cartridges (Pfizer Ltd),Somatropin
GENOTROPIN GOQUICK 5.3MG POWDER AND SOLVENT FOR SOLUTION FOR INJECTION PRE-FILLED PEN (PFIZER LTD),GENOTROPIN
GLOFITAMAB,GLOFITAMAB
GOLIMUMAB,GOLIMUMAB
GOLIMUMAB (Homecare),GOLIMUMAB
GOLIMUMAB (Simponi FOR HOMECARE THERAPY),GOLIMUMAB
GOLIMUMAB (SIMPONI) - PEN  (HOMECARE),GOLIMUMAB
GOLIMUMAB (SIMPONI) - PEN (HOMECARE),GOLIMUMAB
GOLIMUMAB (SIMPONI) - PRE-FILLED SYRINGE (HOMECARE),GOLIMUMAB
GOLIMUMAB 50MG/0.5ML SOLUTION FOR INJECTION PRE-FILLED SYRINGES,GOLIMUMAB
GOLIMUMAB!50mg/0.5mL!PRE-FILLED,GOLIMUMAB
GOLIMUMAB(SIMPONI)-PEN(HOMECARE),GOLIMUMAB
GOLIMUMAB(SIMPONI)-PRE-FILLEDSYRINGE(HOMECARE),GOLIMUMAB
GUSELKUMAB,GUSELKUMAB
GUSELKUMAB (FOR HOMECARE THERAPY),GUSELKUMAB
Guselkumab (HOMECARE),GUSELKUMAB
HC ADALIMUMAB (AMGEVITA) 40 MG PENSET,ADALIMUMAB
HC ADALIMUMAB (AMGEVITA) 40MG/0.8ML PREFILLED SYRINGE,ADALIMUMAB
HC ADALIMUMAB (IDACIO) 40MG/0.8ML PEN,HC
HC ADALIMUMAB (YUFLYMA) 40MG/0.4ML PRE-FILLED PEN,ADALIMUMAB
HC ERENUMAB (AIMOVIG) 140MG/1ML PRE-FILLED PEN,ERENUMAB
HC ETANERCEPT (BENEPALI) 50 MG PEN,ETANERCEPT
HC FREMANEZUMAB (AJOVY) 225MG/1.5ML SOLUTION FOR INJECTION PRE-FILLED PEN,HC
HC GALCANEZUMAB (EMGALITY) 120MG/1ML SOLUTION FOR INJECTION PRE-FILLED PEN,HC
HC OMNITROPE 10 MG PEN,SOMATROPIN
HC OMNITROPE SUREPAL 5 MG,OMNITROPE
HC SECUKINUMAB (COSENTYX) 300MG/2ML PEN,SECUKINUMAB
HC SOMATROPIN (RBE) GENOTROPIN MINIQUICK INJECTION 0.2MG (0.6IU),SOMATROPIN
HC TOCILIZUMAB  162MG INJECTION,TOCILIZUMAB
HC VEDOLIZUMAB (ENTYVIO) 108MG PRE-FILLED PEN,VEDOLIZUMAB
HEALTHCARE AT HOME (HOMECARE) 24 WEEKLY DELIVERY FEE,N/A
HEALTHCARE AT HOME (HOMECARE) 4-12 WEEKLY DELIVERY FEE,N/A
HIV HOMECARE DELIVERY CHARGE,HOMECARE
HOMECARE DELIVERY CHARGE,HOMECARE
HUMIRA (homecare pen pack) ADALIMUMAB,ADALIMUMAB
HUMIRA (homecare syringe pack) ADALIMUMAB,ADALIMUMAB
HUMIRA 40MG/0.4ML SOLUTION FOR INJECTION PRE-FILLED PENS (ABBVIE LTD),Adalimumab
HUMIRA 40MG/0.4ML SOLUTION FOR INJECTION PRE-FILLED SYRINGES (ABBVIE LTD),ADALIMUMAB
HUMIRA 40MG/0.8ML SOLUTION FOR INJECTION PRE-FILLED SYRINGES (ABBVIE LTD),Adalimumab
HUMULIN R,HUMULIN R
HUMULIN R (INSULIN) KWIKPEN,N/A
HUMULIN R KWIKPEN 500UNITS/ML SOLUTION FOR INJECTION 3ML PRE-FILLED PENS (IMPORTED (UNITED STATES)),Insulin human
HUMULINR(INSULIN)KWIKPEN,N/A
HYDROXYCARBAMIDE,HYDROXYCARBAMIDE
HYDROXYCARBAMIDE (HOMECARE),HYDROXYCARBAMIDE
Hydroxycarbamide 500mg/5ml oral solution,Hydroxycarbamide
Ibrance 100mg capsules (Pfizer Ltd),Palbociclib
Ibrance 125mg capsules (Pfizer Ltd),Palbociclib
Ibrance 75mg capsules (Pfizer Ltd),Palbociclib
IDACIO (ADALIMUMAB),ADALIMUMAB
IDACIO (HOMECARE PEN PACK) ADALIMUMAB,ADALIMUMAB
IDACIO (HOMECARE SYRINGE PACK) ADALIMUMAB,ADALIMUMAB
IDACIO 40MG/0.8ML SOLUTION FOR INJECTION PRE-FILLED PENS (FRESENIUS KABI LTD),Adalimumab
Idarubicin 10mg capsules,Idarubicin
IDARUCIZUMAB,IDARUCIZUMAB
Ifosfamide 1g powder for solution for injection vials,Ifosfamide
Ifosfamide 2g powder for solution for injection vials,Ifosfamide
ILOPROST,ILOPROST
ILOPROST  (see Note 5),see
Iloprost 50micrograms/0.5ml solution for infusion ampoules,Iloprost
Imatinib 100mg capsules,Imatinib
Imatinib 400mg tablets,Imatinib
Imbruvica 140mg tablets (Janssen-Cilag Ltd),Ibrutinib
Imbruvica 420mg tablets (Janssen-Cilag Ltd),Ibrutinib
Imbruvica 560mg tablets (Janssen-Cilag Ltd),Ibrutinib
IMRALDI (HOMECARE PEN PACK) ADALIMUMAB,HOMECARE
IMRALDI (HOMECARE SYRINGE PACK) ADALIMUMAB,ADALIMUMAB
IMRALDI 40MG/0.8ML SOLUTION FOR INJECTION PRE-FILLED PENS (BIOGEN IDEC LTD),ADALIMUMAB
IMRALDI 40MG/0.8ML SOLUTION FOR INJECTION PRE-FILLED SYRINGES (BIOGEN IDEC LTD),ADALIMUMAB
IMRALDI ADALIMUMAB,ADALIMUMAB
INFLECTRA 100MG POWDER FOR CONCENTRATE FOR SOLUTION FOR INFUSION VIALS (PFIZER LTD),INFLIXIMAB
INFLIXIMAB,INFLIXIMAB
INFLIXIMAB - INFLECTRA,INFLIXIMAB
INFLIXIMAB - REMICADE,INFLIXIMAB
INFLIXIMAB - REMSIMA,INFLIXIMAB
INFLIXIMAB (Homecare - Remsima),INFLIXIMAB
INFLIXIMAB (HOMECARE PEN PACK) REMSIMA,HOMECARE
INFLIXIMAB (Inflectra),INFLIXIMAB
INFLIXIMAB (REMICADE),INFLIXIMAB
INFLIXIMAB (Remsima),INFLIXIMAB
Infliximab 100mg powder for solution for infusion vials,Infliximab
INFLIXIMAB-REMICADE,INFLIXIMAB
Inlyta 5mg tablets (Pfizer Ltd),Axitinib
INTERFERON BETA-1A,INTERFERON BETA-1A
IRINOTECAN,IRINOTECAN
ISATUXIMAB,ISATUXIMAB
IXEKIZUMAB,IXEKIZUMAB
IXEKIZUMAB (HEALTHCARE AT HOME - HOMECARE),IXEKIZUMAB
IXEKIZUMAB (HOMECARE PEN PACK),IXEKIZUMAB
IXEKIZUMAB (Taltz FOR HOMECARE THERAPY),IXEKIZUMAB
IXEKIZUMAB (Taltz HOMECARE),IXEKIZUMAB
IXEKIZUMAB (Taltz HOMECARE) FROM SCIENSUS,IXEKIZUMAB
IXEKIZUMAB (Taltz HOMECARE) PAS ONE POUND,IXEKIZUMAB
IXEKIZUMAB (Taltz HOMECARE) PAS ONE POUND - SCIENSUS,IXEKIZUMAB
IXEKIZUMAB 80MG/1ML SOLUTION FOR INJECTION PRE-FILLED DISPOSABLE DEVICES,IXEKIZUMAB
IXEKIZUMAB 80MG/1ML SOLUTION FOR INJECTION PRE-FILLED SYRINGES,IXEKIZUMAB
IXEKIZUMAB(HEALTHCAREATHOME-HOMECARE),IXEKIZUMAB
JYSELECA 100MG TABLETS (GILEAD SCIENCES LTD),JYSELECA
Jyseleca 200mg tablets (Gilead Sciences Ltd),Jyseleca
KAFTRIO,KAFTRIO
Kyprolis 60mg powder for solution for infusion vials (Amgen Ltd),Carfilzomib
LANREOTIDE,LANREOTIDE
LANREOTIDE!120mg!SYRINGE,LANREOTIDE
LENALIDOMIDE,LENALIDOMIDE
lenograstim,lenograstim
LETERMOVIR,LETERMOVIR
LEVOSIMENDAN,LEVOSIMENDAN
LIOTHYRONINE,LIOTHYRONINE
LPCH (HOMECARE) EMERGENCY DELIVERY FEE,HOMECARE
LUCENTIS,LUCENTIS
LUSUTROMBOPAG,LUSUTROMBOPAG
Lynparza 150mg tablets (AstraZeneca UK Ltd),Olaparib
MEPOLIZUMAB,MEPOLIZUMAB
MEROPENEM,MEROPENEM
METHOTREXATE,METHOTREXATE
METHOTREXATE INTRAVITREAL,METHOTREXATE
METRELEPTIN,METRELEPTIN
MIRIKIZUMAB,MIRIKIZUMAB
MITOMYCIN,MITOMYCIN
MITOMYCIN 40MG POWDER FOR INTRAVESICAL SOLUTION VIALS,MITOMYCIN
MOLNUPIRAVIR,MOLNUPIRAVIR
MOLNUPIRAVIR (COVID - F.O.C),MOLNUPIRAVIR
MOVYMIA (Homecare) TERIPARATIDE,TERIPARATIDE
MYCOPHENOLATE MOFETIL,MYCOPHENOLATE
MYCOPHENOLATE MOFETIL (Cellcept brand),MOFETIL
MYCOPHENOLATE MOFETIL 250MG CAPSULES,MYCOPHENOLATE
MYCOPHENOLATE MOFETIL 500MG TABLETS,MYCOPHENOLATE
MYCOPHENOLIC ACID,MYCOPHENOLIC
NEORAL 100MG CAPSULES (NOVARTIS PHARMACEUTICALS UK LTD),Ciclosporin
NEORAL 50MG CAPSULES (NOVARTIS PHARMACEUTICALS UK LTD),Ciclosporin
Neratinib 40mg tablets,Neratinib
"NERIA (29g/10mm NEEDLE, 60cm TUBING) (HOMECARE - LPCH)",N/A
"NERIA (29g/8mm NEEDLE, 110cm TUBING) (HOMECARE - LPCH)",N/A
"NERIA (29g/8mm NEEDLE, 60cm TUBING) (HOMECARE - LPCH)",N/A
NERIA 27G/9MM/110CM,N/A
NERIA 29G/10MM/60CM,N/A
NERIA 29G/8MM/110CM,N/A
NERIA 29G/8MM/60CM,N/A
NERIA 9MM/60CM,N/A
NERIA GUARD NEEDLE 9MM/60CM,N/A
NERIA GUARD NEEDLE 9MM/60CM (HOMECARE),N/A
"NERIA INFUSION SET (27G/8MM NEEDLE, 60CM TUBING)",N/A
NERIA NEEDLE GUARD 6MM/60CM,N/A
NERIAGUARD,N/A
NEUROBLOC,N/A
Niraparib 100mg capsules,Niraparib
NIRMATRELVIR and RITONAVIR,NIRMATRELVIR and RITONAVIR
NORMAL IMMUNOGLOBULIN (PRIVIGEN 10%),IMMUNOGLOBULIN
NORMAL IMMUNOGLOBULIN HUMAN,IMMUNOGLOBULIN
NURSING CHARGE,IMMUNOGLOBULIN
nusinersen,nusinersen
NUTROPINAQ 10MG/2ML SOLUTION FOR INJECTION CARTRIDGES (IPSEN LTD),Somatropin
OBINUTUZUMAB,OBINUTUZUMAB
OCRIPLASMIN,OCRIPLASMIN
OCTREOTIDE,OCTREOTIDE
Octreotide 20mg powder and solvent for suspension for injection vials,Octreotide
Octreotide 30mg powder and solvent for suspension for injection vials,Octreotide
Octreotide 500micrograms/1ml solution for injection vials,Octreotide
Octreotide 50micrograms/1ml solution for injection ampoules,Octreotide
OLUMIANT (HOMECARE) BARICITINIB,BARICITINIB
OLUMIANT 4MG TABLETS (ELI LILLY AND COMPANY LTD),Baricitinib
OMALIZUMAB,OMALIZUMAB
OMALIZUMAB (Xolair),OMALIZUMAB
OMALIZUMAB 150MG/1ML SOLUTION FOR INJECTION PRE-FILLED SYRINGES,OMALIZUMAB
OMNITROPE SUREPAL 10 10MG/1.5ML SOLUTION FOR INJECTION CARTRIDGES (SANDOZ LTD),Somatropin
OMNITROPE SUREPAL 15 15MG/1.5ML SOLUTION FOR INJECTION CARTRIDGES (SANDOZ LTD),Somatropin
OMNITROPE SUREPAL 5 5MG/1.5ML SOLUTION FOR INJECTION CARTRIDGES (SANDOZ LTD),Somatropin
ONC/HAEM HOMECARE 6 MONTHLY DELIVERY CHARGE,HOMECARE
ONGAVIA,Ranibizumab
ONGAVIA 2.3MG/0.23ML SOLUTION FOR INJECTION VIALS (TEVA UK LTD),Ranibizumab
Orencia 125mg/1ml solution for injection pre-filled syringes (Bristol-Myers Squibb Pharmaceuticals Ltd),Abatacept
ORENCIA CLICKJECT 125MG/1ML SOLUTION FOR INJECTION PRE-FILLED PENS (BRISTOL-MYERS SQUIBB PHARMACEUTICALS LTD),Abatacept
OTEZLA 30MG TABLETS (AMGEN LTD),Apremilast
OXALIPLATIN,OXALIPLATIN
PACLITAXEL,PACLITAXEL
Paclitaxel 100mg/16.7ml solution for infusion vials,Paclitaxel
Paclitaxel 150mg/25ml solution for infusion vials,Paclitaxel
Paclitaxel 30mg/5ml solution for infusion vials,Paclitaxel
Paclitaxel albumin 100mg powder for suspension for infusion vials,Paclitaxel
PALBOCICLIB,PALBOCICLIB
PALFORZIA INITIAL DOSE ESCALATION,PALFORZIA
Palforzia Level 1 (3mg daily) 2 week up-dosing pack,PALFORZIA
PALFORZIA LEVEL 10 (240MG DAILY) 2 WEEK UP-DOSING PACK (AIMMUNE THERAPEUTICS UK LTD),PALFORZIA
PALFORZIA LEVEL 11 (300MG DAILY) 2 WEEK UP-DOSING PACK,PALFORZIA
PALFORZIA LEVEL 11 (300MG DAILY) 2 WEEK UP-DOSING PACK (AIMMUNE THERAPEUTICS UK LTD),PALFORZIA
PALFORZIA LEVEL 3 (12MG DAILY) 2 WEEK UP-DOSING PACK (AIMMUNE THERAPEUTICS UK LTD),PALFORZIA
PALFORZIA LEVEL 4 (20MG DAILY) 2 WEEK UP-DOSING PACK (AIMMUNE THERAPEUTICS UK LTD),PALFORZIA
PALFORZIA LEVEL 6 (80MG DAILY) 2 WEEK UP-DOSING PACK (AIMMUNE THERAPEUTICS UK LTD),PALFORZIA
PALFORZIA LEVEL 7 (120MG DAILY) 2 WEEK UP-DOSING PACK (AIMMUNE THERAPEUTICS UK LTD),PALFORZIA
PALFORZIA LEVEL 8 (160MG DAILY) 2 WEEK UP-DOSING PACK (AIMMUNE THERAPEUTICS UK LTD),PALFORZIA
PALFORZIA LEVEL 9 (200MG DAILY) 2 WEEK UP-DOSING PACK (AIMMUNE THERAPEUTICS UK LTD),PALFORZIA
PALFORZIA UP-DOSING LEVEL 1 (3mg DAILY),PALFORZIA
PALFORZIA UP-DOSING LEVEL 10 (240MG DAILY),PALFORZIA
PALFORZIA UP-DOSING LEVEL 11 (300mg DAILY),PALFORZIA
PALFORZIA UP-DOSING LEVEL 2 (6MG DAILY),PALFORZIA
PALFORZIA UP-DOSING LEVEL 3 (12MG DAILY),PALFORZIA
PALFORZIA UP-DOSING LEVEL 4 (20MG DAILY),PALFORZIA
PALFORZIA UP-DOSING LEVEL 5 (40MG DAILY),PALFORZIA
PALFORZIA UP-DOSING LEVEL 6 (80MG DAILY),PALFORZIA
PALFORZIA UP-DOSING LEVEL 7 (120MG DAILY),PALFORZIA
PALFORZIA UP-DOSING LEVEL 8 (160mg DAILY),PALFORZIA
PALFORZIA UP-DOSING LEVEL 9 (200mg DAILY),PALFORZIA
Palivizumab 50mg/0.5ml solution for injection vials,Palivizumab
PARENTERAL NUTRITION,PARENTERAL
PAXLOVID  150MG+100MG TABLETS,PAXLOVID
PEGINTERFERON ALFA-2a,PEGINTERFERON
Pertuzumab 600mg/10ml / Trastuzumab 600mg/10ml solution for injection vials,Pertuzumab
PITOLISANT  18MG TABLETS,Pitolisant
PITOLISANT  4.5MG TABLETS,N/A
PROGRAF 5MG/1ML SOLUTION FOR INFUSION AMPOULES (ASTELLAS PHARMA LTD),TACROLIMUS
PS (Bathasu) - INFLIXIMAB (INFLECTRA),INFLIXIMAB
PS (Quantum) - INFLIXIMAB (INFLECTRA),INFLIXIMAB
RANIBIZUMAB,RANIBIZUMAB
RANIBIZUMAB (0.165ML),RANIBIZUMAB
RANIBIZUMAB (Left eye),RANIBIZUMAB
RANIBIZUMAB (LUCENTIS),RANIBIZUMAB
RANIBIZUMAB (ONGAVIA),RANIBIZUMAB
RANIBIZUMAB (ONGAVIA) (0.23ml),RANIBIZUMAB
RANIBIZUMAB (Right eye),RANIBIZUMAB
RANIBIZUMAB 1.65MG/0.165ML SOLUTION FOR INJECTION PRE-FILLED SYRINGES,RANIBIZUMAB
RANIBIZUMAB(0.165ML),RANIBIZUMAB
RASBURICASE,RASBURICASE
REMDESIVIR,REMDESIVIR
REMDESIVIR 100MG POWDER FOR SOLUTION FOR INFUSION VIALS,REMDESIVIR
REMICADE 100MG POWDER FOR CONCENTRATE FOR SOLUTION FOR INFUSION VIALS (MERCK SHARP & DOHME LTD),REMICADE
REMSIMA 100MG POWDER FOR CONCENTRATE FOR SOLUTION FOR INFUSION VIALS (NAPP PHARMACEUTICALS LTD),INFLIXIMAB
REPATHA SURECLICK 140MG/1ML SOLUTION FOR INJECTION PRE-FILLED PENS (AMGEN LTD),Evolocumab
RILUZOLE,RILUZOLE
RISANKIZUMAB,RISANKIZUMAB
RISANKIZUMAB (HOMECARE),RISANKIZUMAB
RISANKIZUMAB (SKYRIZI),RISANKIZUMAB
RITUXIMAB,RITUXIMAB
RITUXIMAB - MABTHERA,RITUXIMAB
RITUXIMAB - RIXATHON,RITUXIMAB
RITUXIMAB - TRUXIMA,RITUXIMAB
RITUXIMAB (ASEPTIC) in Sodium Chloride 0.9%,RITUXIMAB
RITUXIMAB (MABTHERA),RITUXIMAB
RITUXIMAB (RIXATHON),Rituximab
RITUXIMAB (TRUXIMA),RITUXIMAB
Rituximab 100mg/10ml solution for infusion vials,Rituximab
RITUXIMAB 500MG/50ML SOLUTION FOR INFUSION VIALS,RITUXIMAB
RIXATHON  500MG/50ML CONCENTRATE FOR SOLUTION FOR INFUSION,RIXATHON
ROACTEMRA (HOMECARE PEN PACK) TOCILIZUMAB,Tocilizumab
ROACTEMRA 162MG/0.9ML SOLUTION FOR INJECTION PRE-FILLED SYRINGES (ROCHE PRODUCTS LTD),Tocilizumab
ROACTEMRA 200MG/10ML CONCENTRATE FOR SOLUTION FOR INFUSION VIALS (ROCHE PRODUCTS LTD),Tocilizumab
ROACTEMRA 400MG/20ML CONCENTRATE FOR SOLUTION FOR INFUSION VIALS (ROCHE PRODUCTS LTD),Tocilizumab
ROACTEMRA 80MG/4ML CONCENTRATE FOR SOLUTION FOR INFUSION VIALS (ROCHE PRODUCTS LTD),Tocilizumab
ROMIPLOSTIM,ROMIPLOSTIM
ROMIPLOSTIM (HOMECARE),ROMIPLOSTIM
ROMIPLOSTIM 250MICROGRAM POWDER AND SOLVENT FOR SOLUTION FOR INJECTION PRE-FILLED DISPOSABLE DEVICES,ROMIPLOSTIM
ROMIPLOSTIM 250MICROGRAM POWDER FOR SOLUTION FOR INJECTION VIALS,ROMIPLOSTIM
ROMOSOZUMAB,ROMOSOZUMAB
ROXADUSTAT,ROXADUSTAT
RTA BATCH (Quantum) - INFLIXIMAB (INFLECTRA),INFLIXIMAB
SACITUZUMAB,SACITUZUMAB
SACITUZUMAB GOVITECAN 180MG POWDER FOR SOLUTION FOR INFUSION VIALS,SACITUZUMAB
SAIZEN 12MG/1.5ML SOLUTION FOR INJECTION CARTRIDGES (MERCK SERONO LTD),Somatropin
SARILUMAB,SARILUMAB
SARILUMAB (HOMECARE),SARILUMAB
SARILUMAB (Kevzara FOR HOMECARE THERAPY),SARILUMAB
SCIENSUS (HOMECARE) 12 WEEKLY DELIVERY FEE,HOMECARE
SCIENSUS (HOMECARE) 4/8 WEEKLY DELIVERY FEE,HOMECARE
SCIENSUS (HOMECARE) EMERGENCY DELIVERY FEE,HOMECARE
SECUKINUMAB,SECUKINUMAB
SECUKINUMAB  300MG/2ML SOLUTION FOR INJECTION PRE-FILLED DEVICE,SECUKINUMAB
SECUKINUMAB (Cosentyx FOR HOMECARE THERAPY) Senosready Pen,SECUKINUMAB
SECUKINUMAB (Cosentyx HOMECARE),SECUKINUMAB
SECUKINUMAB (Cosentyx Sensoready HOMECARE),SECUKINUMAB
SECUKINUMAB (HOME DELIVERY),SECUKINUMAB
SECUKINUMAB (HOMECARE - LPCH) SensoReady SYRINGE,SECUKINUMAB
SECUKINUMAB (HOMECARE),SECUKINUMAB
SECUKINUMAB (HOMECARE) SENSOREADY PEN,SECUKINUMAB
SECUKINUMAB (HOMECARE) SENSOREADY SYRINGE,SECUKINUMAB
SECUKINUMAB 150MG/1ML SOLUTION FOR INJECTION PRE-FILLED DISPOSABLE DEVICES,SECUKINUMAB
SECUKINUMAB 150MG/1ML SOLUTION FOR INJECTION PRE-FILLED SYRINGES,SECUKINUMAB
SECUKINUMAB 300MG/2ML SOLUTION FOR INJECTION PRE-FILLED DISPOSABLE DEVICES,SECUKINUMAB
SECUKINUMAB(HOMECARE)SENSOREADYPEN,SECUKINUMAB
Service Charge,Service
Service Charge East of England (Standard Ambient),Charge
SERVICE COST (DESFERRIOXAMINE),COST
SERVICE COST (HEALTHCARE AT HOME),COST
SERVICE COST (SCIENSUS - HOMECARE),HOMECARE
SERVICE COST (SCIENSUS),SERVICE
SEVELAMER,SEVELAMER
SILDENAFIL,SILDENAFIL
SIMPONI 100MG/1ML SOLUTION FOR INJECTION PRE-FILLED PENS (MERCK SHARP & DOHME LTD),SIMPONI
SIMPONI 50MG/0.5ML SOLUTION FOR INJECTION PRE-FILLED PENS (MERCK SHARP & DOHME LTD),SIMPONI
SIROLIMUS,SIROLIMUS
SKYRIZI (RISANKIZUMAB),RISANKIZUMAB
SKYRIZI (RISANKIZUMAB) (HOMECARE),RISANKIZUMAB
sodium chloride,Sodium chloride
SODIUM OXYBATE,SODIUM OXYBATE
SOLRIAMFETOL,SOLRIAMFETOL
SOMACORRECT PUMP ( IMHS ORDER CODE 15080 ),MISC
SOMACORRECT XT PUMP ( IMHS ORDER CODE 15111 ),N/A
SOMAERECT RESPONSE II vacuum pump (15019),N/A
SOMATROGON,SOMATROGON
SOMATROPIN,SOMATROPIN
SOMATROPIN (EPR) 10MG/1.5ML SOLUTION FOR INJECTION PRE-FILLED DISPOSABLE DEVICES,SOMATROPIN
Somatropin (epr) 15mg/1.5ml solution for injection pre-filled disposable devices,Somatropin
SOMATROPIN (EPR) 5MG/1.5ML SOLUTION FOR INJECTION PRE-FILLED DISPOSABLE DEVICE,SOMATROPIN
SOMATROPIN (EPR) 5MG/1.5ML SOLUTION FOR INJECTION PRE-FILLED DISPOSABLE DEVICES,SOMATROPIN
SOMATROPIN (FOR HOMECARE THERAPY) - Genotropin,SOMATROPIN
SOMATROPIN (GENOTROPIN GO-QUICK),Somatropin
SOMATROPIN (GENOTROPIN GO-QUICK) (HOMECARE ),SOMATROPIN
SOMATROPIN (GENOTROPIN GOQUICK) (HOMECARE),SOMATROPIN
SOMATROPIN (GENOTROPIN GO-QUICK) (HOMECARE),Somatropin
SOMATROPIN (GENOTROPIN MINIQUICK),SOMATROPIN
SOMATROPIN (GENOTROPIN MINIQUICK) (HOMECARE),SOMATROPIN
SOMATROPIN (GENOTROPIN MINI-QUICK) (HOMECARE),SOMATROPIN
SOMATROPIN (GENOTROPIN MINI-QUICK) HOMECARE,Somatropin
SOMATROPIN (GENOTROPIN),SOMATROPIN
SOMATROPIN (GENOTROPIN) (HOMECARE),SOMATROPIN
SOMATROPIN (HUMATROPE) (HOMECARE),SOMATROPIN
SOMATROPIN (HUMATROPE) 24mg (HOMECARE),SOMATROPIN
SOMATROPIN (HUMOTROPE) 12mg (HOMECARE),SOMATROPIN
SOMATROPIN (NORDIFLEX PEN) (HOMECARE),SOMATROPIN
SOMATROPIN (NORDITROPIN FLEXPRO PEN) (HOMECARE),SOMATROPIN
SOMATROPIN (NORDITROPIN FLEXPRO) (HOMECARE),NORDITROPIN
SOMATROPIN (NORDITROPIN NORDIFLEX) (HOMECARE),NORDITROPIN
SOMATROPIN (NORDITROPIN SIMPLEXx PEN) (HOMECARE),SOMATROPIN
SOMATROPIN (NORDITROPIN SIMPLEXX),SOMATROPIN
SOMATROPIN (NORDITROPIN SIMPLEXx) (HEALTHCARE AT HOME),SOMATROPIN
SOMATROPIN (NORDITROPIN SIMPLEXx) (HOMECARE),SOMATROPIN
SOMATROPIN (NORDITROPIN),SOMATROPIN
SOMATROPIN (NUTROPIN AQ),SOMATROPIN
SOMATROPIN (NUTROPIN AQ) (HOMECARE - LPCH),SOMATROPIN
SOMATROPIN (NUTROPIN AQ) (HOMECARE),SOMATROPIN
SOMATROPIN (NUTROPINAQ) (HOMECARE),Somatropin
SOMATROPIN (NUTROPINAQ) (rbe) injection 30 units (HOMECARE),SOMATROPIN
SOMATROPIN (OMNITROPE - SUREPAL) (HEALTHCARE@HOME),SOMATROPIN
SOMATROPIN (OMNITROPE SUREPAL 1.1ml) (HOMECARE),SOMATROPIN
SOMATROPIN (OMNITROPE SUREPAL 1.5ML) (HOMECARE),SOMATROPIN
SOMATROPIN (OMNITROPE SUREPAL) (HEALTHCARE@HOME),SOMATROPIN
SOMATROPIN (OMNITROPE SUREPAL) (HOMECARE),SOMATROPIN
SOMATROPIN (OMNITROPE),SOMATROPIN
SOMATROPIN (OMNITROPE) (HOMECARE),OMNITROPE
SOMATROPIN (RBE) (OMNITROPE) (HOME DEL),SOMATROPIN
SOMATROPIN (RBE) (OMNITROPE) (HOME DEL) (G-S),SOMATROPIN
SOMATROPIN (SAIZEN SOLUTION) (HOMECARE),SOMATROPIN
SOMATROPIN (SAIZEN),SOMATROPIN
SOMATROPIN (SAIZEN) (HOMECARE),SOMATROPIN
SOMATROPIN (ZOMACTON) (HOMECARE),ZOMACTON
SOMATROPIN(GENOTROPIN)(HOMECARE),SOMATROPIN
SOMATROPIN(NORDITROPINSIMPLEXX)(HOMECARE),SOMATROPIN
SOMATROPIN(NUTROPINAQ)(HOMECARE),SOMATROPIN
SOMATROPIN(OMNITROPESUREPAL)(HOMECARE),SOMATROPIN
somatropinÿ,SOMATROPIN
SOTROVIMAB,SOTROVIMAB
SOTROVIMAB 500MG/8ML SOLUTION FOR INFUSION VIALS,SOTROVIMAB
SOTROVIMAB VIAL,SOTROVIMAB
Standard ERT Oral Service Charge,N/A
STELARA 130MG/26ML CONCENTRATE FOR SOLUTION FOR INFUSION VIALS (JANSSEN-CILAG LTD),Ustekinumab
STELARA 45MG/0.5ML SOLUTION FOR INJECTION PRE-FILLED SYRINGES (JANSSEN-CILAG LTD),Ustekinumab
STELARA 45MG/0.5ML SOLUTION FOR INJECTION VIALS (JANSSEN-CILAG LTD),Ustekinumab
STELARA 90MG/1ML SOLUTION FOR INJECTION PRE-FILLED SYRINGES (JANSSEN-CILAG LTD),Ustekinumab
STIRIPENTOL,STIRIPENTOL
STIRIPENTOL (HOMECARE),STIRIPENTOL
STIRIPENTOL 500MG CAPSULES,STIRIPENTOL
TACROLIMUS,TACROLIMUS
TACROLIMUS (Advagraf),TACROLIMUS
TACROLIMUS 1MG CAPSULES,TACROLIMUS
TACROLIMUS 1MG MODIFIED-RELEASE CAPSULES,TACROLIMUS
TACROLIMUS 5MG MODIFIED-RELEASE CAPSULES,TACROLIMUS
TACROLIMUS MONOHYDRATE,TACROLIMUS
Targretin 75mg capsules (Eisai Ltd),Bexarotene
Tecentriq 1200mg/20ml concentrate for solution for infusion vials (Roche Products Ltd),Atezolizumab
Tecentriq 840mg/14ml concentrate for solution for infusion vials (Roche Products Ltd),Atezolizumab
TEMOZOLOMIDE,TEMOZOLOMIDE
TERIPARATIDE,TERIPARATIDE
TERIPARATIDE - FORSTEO  (HOMECARE),TERIPARATIDE
TERIPARATIDE - TERROSA  (HOMECARE),TERIPARATIDE
TERIPARATIDE (FOR HOMECARE THERAPY),TERIPARATIDE
TERIPARATIDE (Forsteo),TERIPARATIDE
TERIPARATIDE (homecare),TERIPARATIDE
TERIPARATIDE (Movymia HOMECARE),TERIPARATIDE
TERIPARATIDE-FORSTEO(HOMECARE),TERIPARATIDE
TERIPARATIDE-TERROSA(HOMECARE),TERIPARATIDE
Terrosa,TERIPARATIDE
TERROSA (Homecare) TERIPARATIDE,TERIPARATIDE
Terrosa 20micrograms/80microlitres solution for injection 2.4ml cartridge (Gedeon Richter (UK) Ltd),Teriparatide
TILDRAKIZUMAB,TILDRAKIZUMAB
TILDRAKIZUMAB (FOR HOMECARE THERAPY),TILDRAKIZUMAB
TILDRAKIZUMAB (HOMECARE),TILDRAKIZUMAB
TILDRAKIZUMAB 100mg DOSE PACK (HOMECARE),TILDRAKIZUMAB
TILDRAKIZUMAB 200mg DOSE PACK (HOMECARE),TILDRAKIZUMAB
TOBRAMYCIN,TOBRAMYCIN
TOCILIZUMAB,TOCILIZUMAB
TOCILIZUMAB  200MG/10ML CONCENTRATE FOR SOLUTION FOR INFUSION,TOCILIZUMAB
TOCILIZUMAB  400MG/20ML CONCENTRATE FOR SOLUTION FOR INFUSION,TOCILIZUMAB
TOCILIZUMAB - ROACTEMRA,TOCILIZUMAB
TOCILIZUMAB - ROACTEMRA (HOMECARE),TOCILIZUMAB
TOCILIZUMAB (Covid-19),TOCILIZUMAB
TOCILIZUMAB (for COVID treatment only),TOCILIZUMAB
TOCILIZUMAB (HOME DELIVERY),TOCILIZUMAB
TOCILIZUMAB (HOME DELIVERY) (G-S),TOCILIZUMAB
TOCILIZUMAB (Homecare - RoActemra),TOCILIZUMAB
TOCILIZUMAB (homecare),TOCILIZUMAB
TOCILIZUMAB (homecare) PEN,TOCILIZUMAB
TOCILIZUMAB (P),TOCILIZUMAB
TOCILIZUMAB (RoActemra FOR HOMECARE THERAPY),TOCILIZUMAB
TOCILIZUMAB (Ro-Actemra),TOCILIZUMAB
TOCILIZUMAB!162mg/0.9mL!PRE-FILLED,TOCILIZUMAB
TOCILIZUMAB-ROACTEMRA,TOCILIZUMAB
TOFACITINIB,TOFACITINIB
TOFACITINIB (FOR HOMECARE THERAPY),TOFACITINIB
TOFACITINIB (HOMECARE - PAS - NICE TA547),TOFACITINIB
TOFACITINIB (HOMECARE),TOFACITINIB
Tofacitinib 10mg tablets,Tofacitinib
TOFACITINIB 5MG TABLETS,TOFACITINIB
TOFACITINIB(HOMECARE),TOFACITINIB
TOFACTINIB (HOMECARE),TOFACITINIB
TOLVAPTAN,TOLVAPTAN
TOLVAPTAN (JINARC),TOLVAPTAN
TOLVAPTAN (JINARC) (HOMECARE) 90mg/30mg,TOLVAPTAN
TOLVAPTAN (JINARC) 45mg/15mg,TOLVAPTAN
TOLVAPTAN (JINARC) 60mg/30mg,TOLVAPTAN
TOLVAPTAN (JINARC) 90mg/30mg,TOLVAPTAN
TOLVAPTAN (Samsca),TOLVAPTAN
TOLVAPTAN (TEVA),TOLVAPTAN
TOLVAPTAN (TEVA) (HOMECARE),TOLVAPTAN
TOLVAPTAN (TEVA) 45mg/15mg,TOLVAPTAN
TOLVAPTAN (TEVA) 60mg/30mg,TOLVAPTAN
TOLVAPTAN (TEVA) 90mg/30mg,TOLVAPTAN
TRALOKINUMAB,v
TRASTUZUMAB (SUBCUTANEOUS),TRASTUZUMAB
TRIAL-PIONEERLASMIDITANKITS(VARIOUS),N/A
TRIOMEL 7G/LITRE NITROGEN 1140KCAL/LITRE WITH ELECTROLYTES INFUSION 2LITRE BAGS (BAXTER HEALTHCARE LTD),misc
TRUXIMA (Rituximab),TRUXIMA
TRUXIMA 500MG/50ML CONCENTRATE FOR SOLUTION FOR INFUSION VIALS (NAPP PHARMACEUTICALS LTD),RITUXIMAB
ULTIMATE SUREFIT RING (15222),N/A
UPADACITINIB,UPADACITINIB
UPADACITINIB (HOMECARE),UPADACITINIB
UPADACITINIB (HOMECARE)(1GBP CFA),HOMECARE
UPADACITINIB (Rinvoq HOMECARE),UPADACITINIB
UPADACITINIB 15MG MODIFIED-RELEASE TABLETS,UPADACITINIB
UPADACITINIB 30mg,UPADACITINIB
UPADACITINIB 45mg,UPADACITINIB
UPADACITINIB 45MG MODIFIED-RELEASE TABLETS,UPADACITINIB
UPADACITINIB(HOMECARE),UPADACITINIB
USTEKINUMAB,USTEKINUMAB
USTEKINUMAB - STELARA,USTEKINUMAB
USTEKINUMAB - STELARA (HOMECARE - LLOYDS),USTEKINUMAB
USTEKINUMAB - STELARA (HOMECARE),USTEKINUMAB
USTEKINUMAB (homecare),USTEKINUMAB
USTEKINUMAB (Stelara FOR HOMECARE THERAPY),USTEKINUMAB
USTEKINUMAB-STELARA,USTEKINUMAB
USTEKINUMAB-STELARA(HOMECARE),USTEKINUMAB
USTEKINUMAB-STELARA(HOMECARE-LLOYDS),USTEKINUMAB
VABYSMO,FARICIMAB
VANCOMYCIN,VANCOMYCIN
Vanquoral 100mg capsules (Teva UK Ltd),Ciclosporin
Vanquoral 25mg capsules (Teva UK Ltd),Ciclosporin
VANQUORAL 50MG CAPSULES (TEVA UK LTD),Ciclosporin
VEDOLIZUMAB,VEDOLIZUMAB
VEDOLIZUMAB  300MG POWDER FOR CONCENTRATE FOR SOLUTION DOSES 1 TO 3,VEDOLIZUMAB
VEDOLIZUMAB (Entyvio),VEDOLIZUMAB
VEDOLIZUMAB (HOME DELIVERY),VEDOLIZUMAB
VEDOLIZUMAB (HOMECARE PEN PACK) ENTYVIO,VEDOLIZUMAB
VEDOLIZUMAB (HOMECARE),VEDOLIZUMAB
VEDOLIZUMAB 108MG/0.68ML SOLUTION FOR INJECTION PRE-FILLED DISPOSABLE DEVICES,VEDOLIZUMAB
Vedolizumab 300mg powder for solution for infusion vials,Vedolizumab
VERTEPORFIN,VERTEPORFIN
VINBLASTINE 10MG/10ML SOLUTION FOR INJECTION VIALS,VINBLASTINE
VINCRISTINE,VINCRISTINE
VISMODEGIB,VISMODEGIB
VORICONAZOLE,VORICONAZOLE
Voriconazole 200mg powder and solvent for solution for infusion vials,Voriconazole
XELJANZ (TOFACTINIB) (HOMECARE),TOFACITINIB
XEOMIN  100UNIT POWDER FOR SOLUTION FOR INJECTION,XEOMIN  
XEOMIN  100UNIT POWDER FOR SOLUTION FOR INJECTION (G-S),XEOMIN  
Zanubrutinib 80mg capsules,Zanubrutinib
Zejula 100mg capsules (GlaxoSmithKline UK Ltd),Niraparib
ZZZAFLIBERCEPT intravitreal (Left eye),AFLIBERCEPT
ZZZAFLIBERCEPT intravitreal (Right eye),AFLIBERCEPT
BIMEKIZUMAB (Bimzelx) FOR HOMECARE THERAPY,BIMEKIZUMAB
ROACTEMRA (HOMECARE SYRINGE PACK) TOCILIZUMAB,TOCILIZUMAB
PALFORZIA LEVEL 7 (120MG DAILY) 2 WEEK UP-DOSING PACK,Palforzia
PALFORZIA LEVEL 6 (80MG DAILY) 2 WEEK UP-DOSING PACK,Palforzia
