DrugName,BaseDrugName,TAMatch,MatchType,RowCount
EPOETIN ZETA,EPOETIN ZETA,no_ta_match,no_ta_match,16441.0
CAPECITABINE,CAPECITABINE,Capecitabine,exact,6654.0
AZACITIDINE,AZACITIDINE,Azacitidine,exact,5784.0
DARATUMUMAB,DARATUMUMAB,Daratumumab,exact,5689.0
PARENTERAL NUTRITION (INPATIENT USE),NOT_A_DRUG,not_a_drug,not_a_drug,4280.0
PARENTERAL NUTRITION (HOME USE),NOT_A_DRUG,not_a_drug,not_a_drug,4200.0
PEMBROLIZUMAB,PEMBROLIZUMAB,Pembrolizumab,exact,3632.0
BORTEZOMIB,BORTEZOMIB,Bortezomib,exact,2834.0
TRASTUZUMAB,TRASTUZUMAB,Trastuzumab,exact,2393.0
PERTUZUMAB + TRASTUZUMAB,PERTUZUMAB + TRASTUZUMAB,Pertuzumab,substring,2261.0
IVACAFTOR,IVACAFTOR,Ivacaftor–tezacaftor–elexacafto,substring,2077.0
IVACAFTOR + TEZACAFTOR + ELEXACAFTOR,IVACAFTOR + TEZACAFTOR + ELEXACAFTOR,Ivacaftor–tezacaftor–elexacafto,component_match,2059.0
NIVOLUMAB,NIVOLUMAB,Nivolumab,exact,1951.0
ETOPOSIDE,ETOPOSIDE,Atezolizumab with carboplatin and etoposide,substring,1822.0
ABEMACICLIB,ABEMACICLIB,Abemaciclib,exact,1822.0
RANIBIZUMAB (RIMMYRAH) ,RANIBIZUMAB,Ranibizumab,exact,1750.0
VENETOCLAX,VENETOCLAX,Venetoclax,exact,1627.0
CARFILZOMIB,CARFILZOMIB,Carfilzomib for previously treated multiple myeloma,substring,1599.0
NINTEDANIB,NINTEDANIB,Nintedanib,exact,1594.0
NINTEDANIB,NINTEDANIB,Nintedanib,exact,1594.0
RIBOCICLIB,RIBOCICLIB,Ribociclib with an aromatase inhibitor,substring,1545.0
BENDAMUSTINE,BENDAMUSTINE,Bendamustine,exact,1465.0
TACROLIMUS ,TACROLIMUS,Tacrolimus,exact,1406.0
IMATINIB,IMATINIB,Imatinib,exact,1228.0
CETUXIMAB,CETUXIMAB,Cetuximab,exact,1220.0
OFATUMUMAB,OFATUMUMAB,Ofatumumab,exact,1212.0
ADALIMUMAB (YUFLYMA),ADALIMUMAB,Adalimumab,exact,1187.0
OSIMERTINIB,OSIMERTINIB,Osimertinib,exact,1145.0
USTEKINUMAB (WEZENLA),USTEKINUMAB,Ustekinumab,exact,1016.0
RUXOLITINIB,RUXOLITINIB,Ruxolitinib,exact,978.0
PEMETREXED,PEMETREXED,Pemetrexed,exact,944.0
DORNASE ALFA,DORNASE ALFA,no_ta_match,no_ta_match,917.0
IBRUTINIB,IBRUTINIB,Ibrutinib,exact,888.0
POSACONAZOLE,POSACONAZOLE,no_ta_match,no_ta_match,877.0
VINORELBINE,VINORELBINE,Vinorelbine (1st line),substring,841.0
OLAPARIB,OLAPARIB,Olaparib,exact,820.0
ABIRATERONE,ABIRATERONE,Abiraterone,exact,813.0
NIRAPARIB,NIRAPARIB,Niraparib,exact,797.0
TAUROLOCK,NOT_A_DRUG,not_a_drug,not_a_drug,794.0
LENVATINIB,LENVATINIB,Lenvatinib,exact,775.0
TENOFOVIR DISOPROXIL,TENOFOVIR DISOPROXIL,Tenofovir disoproxil fumarate,substring,764.0
TOCILIZUMAB - TYENNE ,TOCILIZUMAB - TYENNE,Tocilizumab,substring,761.0
DAROLUTAMIDE,DAROLUTAMIDE,Darolutamide with androgen deprivation therapy,substring,753.0
NORMAL IMMUNOGLOBULIN,NORMAL IMMUNOGLOBULIN,no_ta_match,no_ta_match,725.0
ONCOTICE,NOT_A_DRUG,not_a_drug,not_a_drug,711.0
ZANUBRUTINIB,ZANUBRUTINIB,Zanubrutinib,exact,692.0
CYTARABINE,CYTARABINE,Gemtuzumab ozogamicin with daunorubicin and cytarabine,substring,678.0
SIPONIMOD,SIPONIMOD,Siponimod,exact,665.0
AVELUMAB,AVELUMAB,Avelumab,exact,648.0
PACLITAXEL ALBUMIN,PACLITAXEL ALBUMIN,Paclitaxel,substring,638.0
OCRELIZUMAB,OCRELIZUMAB,Ocrelizumab,exact,607.0
BIMEKIZUMAB,BIMEKIZUMAB,Bimekizumab,exact,583.0
TRASTUZUMAB EMTANSINE,TRASTUZUMAB EMTANSINE,Trastuzumab emtansine,exact,581.0
DACARBAZINE,DACARBAZINE,no_ta_match,no_ta_match,569.0
TRAMETINIB,TRAMETINIB,Dabrafenib plus trametinib,substring,562.0
DABRAFENIB,DABRAFENIB,Dabrafenib,exact,555.0
PIRFENIDONE,PIRFENIDONE,Pirfenidone,exact,544.0
FINGOLIMOD,FINGOLIMOD,Fingolimod,exact,535.0
GLATIRAMER,GLATIRAMER,Glatiramer acetate,substring,499.0
POMALIDOMIDE,POMALIDOMIDE,Daratumumab with pomalidomide and dexamethasone,substring,429.0
DURVALUMAB,DURVALUMAB,Durvalumab,exact,423.0
TERIFLUNOMIDE,TERIFLUNOMIDE,Teriflunomide,exact,422.0
PEGINTERFERON BETA-1A,PEGINTERFERON BETA-1A,Peginterferon beta-1a,exact,414.0
NATALIZUMAB,NATALIZUMAB,Natalizumab,exact,409.0
PANITUMUMAB,PANITUMUMAB,Panitumumab,exact,398.0
BCG,NOT_A_DRUG,not_a_drug,not_a_drug,392.0
OMEFLEX,NOT_A_DRUG,not_a_drug,not_a_drug,391.0
ENCORAFENIB,ENCORAFENIB,Encorafenib,exact,388.0
IPILIMUMAB,IPILIMUMAB,Ipilimumab,exact,381.0
ADALIMUMAB (Yuflyma HOMECARE),ADALIMUMAB,Adalimumab,exact,372.0
RANIBIZUMAB ,RANIBIZUMAB,Ranibizumab,exact,361.0
MERCAPTOPURINE,MERCAPTOPURINE,no_ta_match,no_ta_match,351.0
ADALIMUMAB ,ADALIMUMAB,Adalimumab,exact,346.0
SOFOSBUVIR + VELPATASVIR,SOFOSBUVIR + VELPATASVIR,Sofosbuvir,substring,342.0
TOCILIZUMAB - TYENNE,TOCILIZUMAB - TYENNE,Tocilizumab,substring,339.0
TEZEPELUMAB,TEZEPELUMAB,Tezepelumab,exact,329.0
TRASTUZUMAB DERUXTECAN,TRASTUZUMAB DERUXTECAN,Trastuzumab deruxtecan,exact,328.0
BINIMETINIB,BINIMETINIB,no_ta_match,no_ta_match,322.0
POLATUZUMAB VEDOTIN,POLATUZUMAB VEDOTIN,Polatuzumab vedotin in combination,substring,317.0
TAUROSEPT,NOT_A_DRUG,not_a_drug,not_a_drug,317.0
NORMAL IMMUNOGLOBULIN ,NORMAL IMMUNOGLOBULIN,no_ta_match,no_ta_match,315.0
ELRANATAMAB,ELRANATAMAB,Elranatamab,exact,309.0
TRIFLURIDINE + TIPIRACIL,TRIFLURIDINE + TIPIRACIL,Trifluridine–tipiracil,component_match,308.0
IXAZOMIB,IXAZOMIB,Ixazomib with lenalidomide and dexamethasone,substring,301.0
PROTHROMBIN COMPLEX,NOT_A_DRUG,not_a_drug,not_a_drug,300.0
USTEKINUMAB (STELARA),USTEKINUMAB,Ustekinumab,exact,294.0
SUNITINIB,SUNITINIB,Sunitinib,exact,291.0
TRIOMEL,NOT_A_DRUG,not_a_drug,not_a_drug,280.0
CERTOLIZUMAB,CERTOLIZUMAB,Certolizumab (subcutaneous injection),substring,279.0
CEMIPLIMAB,CEMIPLIMAB,Cemiplimab,exact,273.0
SACITUZUMAB GOVITECAN,SACITUZUMAB GOVITECAN,Sacituzumab govitecan,exact,271.0
VINBLASTINE,VINBLASTINE,no_ta_match,no_ta_match,270.0
THALIDOMIDE,THALIDOMIDE,"Bortezomib in combination with dexamethasone, or with dexamethasone and thalidomide",substring,268.0
BOSUTINIB,BOSUTINIB,Bosutinib,exact,267.0
DASATINIB,DASATINIB,Dasatinib,exact,267.0
ATOGEPANT,ATOGEPANT,Atogepant,exact,252.0
EVEROLIMUS,EVEROLIMUS,Everolimus,exact,236.0
FREMANEZUMAB ,FREMANEZUMAB,Fremanezumab,exact,228.0
HYDROXYCARBAMIDE ,HYDROXYCARBAMIDE,no_ta_match,no_ta_match,226.0
AFATINIB,AFATINIB,Afatinib,exact,226.0
ALECTINIB,ALECTINIB,Alectinib,exact,226.0
INFLIXIMAB ,INFLIXIMAB,Infliximab,exact,206.0
NORMAL IMMUNOGLOBULIN HUMAN (PANZYGA),NORMAL IMMUNOGLOBULIN HUMAN,no_ta_match,no_ta_match,201.0
NILOTINIB,NILOTINIB,Nilotinib,exact,200.0
TEBENTAFUSP,TEBENTAFUSP,Tebentafusp,exact,199.0
Eylea2,EYLEA2,no_ta_match,no_ta_match,195.0
NORMAL IMMUNOGLOBULIN HUMAN (GAMTEN),NOT_A_DRUG,not_a_drug,not_a_drug,194.0
BLEOMYCIN,BLEOMYCIN,no_ta_match,no_ta_match,188.0
MOMELOTINIB,MOMELOTINIB,Momelotinib,exact,185.0
ERIBULIN,ERIBULIN,Eribulin,exact,184.0
EVOLOCUMAB ,EVOLOCUMAB,Evolocumab,exact,183.0
PONESIMOD,PONESIMOD,Ponesimod,exact,181.0
AFLIBERCEPT (EYLEA),AFLIBERCEPT,Aflibercept,exact,178.0
RITUXIMAB ,RITUXIMAB,Rituximab,exact,173.0
PERTUZUMAB /TRASTUZUMAB,PERTUZUMAB /TRASTUZUMAB,Pertuzumab,substring,173.0
PAZOPANIB,PAZOPANIB,Pazopanib (1st line),substring,170.0
CASPOFUNGIN,CASPOFUNGIN,no_ta_match,no_ta_match,170.0
PALIVIZUMAB,PALIVIZUMAB,no_ta_match,no_ta_match,168.0
BERIPLEX,NOT_A_DRUG,not_a_drug,not_a_drug,167.0
NATALIZUMAB ,NATALIZUMAB,Natalizumab,exact,167.0
AMGEVITA ADALIMUMAB,AMGEVITA ADALIMUMAB,Adalimumab,substring,165.0
TRIOMEL TPN,NOT_A_DRUG,not_a_drug,not_a_drug,162.0
BUSULFAN,BUSULFAN,no_ta_match,no_ta_match,154.0
CABAZITAXEL,CABAZITAXEL,Cabazitaxel in combination with prednisone or prednisolone,substring,152.0
SECUKINUMAB ,SECUKINUMAB,Secukinumab,exact,149.0
DAUNORUBICIN,DAUNORUBICIN,Gemtuzumab ozogamicin with daunorubicin and cytarabine,substring,136.0
NIVOLUMAB + RELATLIMAB,NIVOLUMAB + RELATLIMAB,Nivolumab,substring,133.0
AZACITIDINE 100MG,AZACITIDINE,Azacitidine,exact,133.0
PRIVIGEN,NOT_A_DRUG,not_a_drug,not_a_drug,129.0
REGORAFENIB,REGORAFENIB,Regorafenib,exact,123.0
OZANIMOD,OZANIMOD,Ozanimod,exact,118.0
RUCAPARIB,RUCAPARIB,Rucaparib,exact,116.0
RADIUM-223 DICHLORIDE,RADIUM-223 DICHLORIDE,Radium-223 dichloride,exact,114.0
AVACOPAN,AVACOPAN,Avacopan,exact,112.0
Byooviz,BYOOVIZ,no_ta_match,no_ta_match,112.0
AZACITADINE,AZACITADINE,Azacitidine,fuzzy,112.0
TOPOTECAN,TOPOTECAN,Topotecan,exact,110.0
FACTOR VIIA,NOT_A_DRUG,not_a_drug,not_a_drug,105.0
MELPHALAN,MELPHALAN,Melphalan,exact,105.0
LOMUSTINE,LOMUSTINE,no_ta_match,no_ta_match,105.0
VINCRISTINE + DOXORUBICIN + ETOPOSIDE,VINCRISTINE + DOXORUBICIN + ETOPOSIDE,Docetaxel with doxorubicin and cyclophosphamide (the TAC regimen),component_match,104.0
BENEPALI ETANERCEPT,BENEPALI ETANERCEPT,Etanercept,substring,103.0
PERTUZUMAB  / TRASTUZUMAB,PERTUZUMAB / TRASTUZUMAB,Pertuzumab,substring,103.0
PERTUZUMAB,PERTUZUMAB,Pertuzumab,exact,102.0
UPADACITINIB ,UPADACITINIB,Upadacitinib,exact,102.0
PEMBROLIZUMAB LIQUID,PEMBROLIZUMAB,Pembrolizumab,exact,101.0
GOLIMUMAB ,GOLIMUMAB,Golimumab,exact,99.0
ELBASVIR + GRAZOPREVIR,ELBASVIR + GRAZOPREVIR,Elbasvir–grazoprevir,component_match,95.0
LEVOCARNITINE,NOT_A_DRUG,not_a_drug,not_a_drug,95.0
ARSENIC,NOT_A_DRUG,not_a_drug,not_a_drug,95.0
CHLORAMBUCIL,CHLORAMBUCIL,Obinutuzumab in combination with chlorambucil,substring,95.0
AUTOLOGOUS SERUM EYE DROPS,NOT_A_DRUG,not_a_drug,not_a_drug,94.0
PALFORZIA,NOT_A_DRUG,not_a_drug,not_a_drug,94.0
BEVACIZUMAB (Avastin),BEVACIZUMAB,Bevacizumab,exact,94.0
SODIUM CHLORIDE+GLUCOSE,NOT_A_DRUG,not_a_drug,not_a_drug,92.0
OBETICHOLIC ACID,OBETICHOLIC ACID,Obeticholic acid,exact,92.0
GAMTEN,NOT_A_DRUG,not_a_drug,not_a_drug,89.0
FILGOTINIB ,FILGOTINIB,Filgotinib,exact,86.0
RALTITREXED,RALTITREXED,Raltitrexed,exact,83.0
IDACIO ADALIMUMAB,IDACIO ADALIMUMAB,Adalimumab,substring,82.0
BRENTUXIMAB VEDOTIN,BRENTUXIMAB VEDOTIN,Brentuximab vedotin,exact,82.0
WATER,NOT_A_DRUG,not_a_drug,not_a_drug,80.0
SERVICE COST,NOT_A_DRUG,not_a_drug,not_a_drug,79.0
LENVATINIB ,LENVATINIB,Lenvatinib,exact,75.0
COLISTIMETHATE SODIUM ,COLISTIMETHATE SODIUM,Colistimethate sodium,exact,74.0
ASCIMINIB,ASCIMINIB,Asciminib,exact,73.0
SELINEXOR,SELINEXOR,Selinexor with bortezomib and dexamethasone,substring,73.0
IFOSFAMIDE,IFOSFAMIDE,no_ta_match,no_ta_match,73.0
MOGAMULIZUMAB,MOGAMULIZUMAB,Mogamulizumab,exact,72.0
DOXORUBICIN LIPOSOMAL,DOXORUBICIN LIPOSOMAL,no_ta_match,no_ta_match,71.0
CLADRIBINE,CLADRIBINE,Cladribine,exact,70.0
PEGINTERFERON AFA-2A,PEGINTERFERON AFA-2A,Peginterferon alfa-2a,fuzzy,70.0
SERVICE COST ,NOT_A_DRUG,not_a_drug,not_a_drug,67.0
IFOSFAMIDE + MESNA,IFOSFAMIDE + MESNA,no_ta_match,no_ta_match,67.0
FOSLEVODOPA+FOSCARBIDOPA,FOSLEVODOPA+FOSCARBIDOPA,Foslevodopa–foscarbidopa,component_match,66.0
NIRSEVIMAB,NIRSEVIMAB,no_ta_match,no_ta_match,64.0
SOFOSBUVIR + LEDIPASVIR,SOFOSBUVIR + LEDIPASVIR,Sofosbuvir,substring,64.0
SORAFENIB,SORAFENIB,Sorafenib,exact,62.0
GILTERITINIB,GILTERITINIB,Gilteritinib,exact,61.0
METHOTREXATE DELIVERY/DISPENSING/SERVICE CHARGE,NOT_A_DRUG,not_a_drug,not_a_drug,61.0
TUCATINIB,TUCATINIB,Tucatinib with trastuzumab and capecitabine,substring,57.0
CANNIBIOL,CANNIBIOL,Cannabidiol,fuzzy,56.0
PROCARBAZINE,PROCARBAZINE,Oxcarbazepine,fuzzy,56.0
AMPHOTERICIN LIPOSOMAL,AMPHOTERICIN LIPOSOMAL,no_ta_match,no_ta_match,55.0
OCTOCOG ALFA,OCTOCOG ALFA,Efanesoctocog alfa,substring,55.0
BRIGATINIB,BRIGATINIB,Brigatinib,exact,55.0
Factor VIIa,FACTOR VIIA,no_ta_match,no_ta_match,54.0
TERIPARATID,TERIPARATID,Teriparatide,substring,54.0
GALCANEZUMAB ,GALCANEZUMAB,Galcanezumab,exact,53.0
PEMETREXED ,PEMETREXED,Pembrolizumab with pemetrexed and platinum chemotherapy,substring,52.0
TALAZOPARIB,TALAZOPARIB,Talazoparib,exact,51.0
HIV POST EXPOSURE PROPHYLAXIS,NOT_A_DRUG,not_a_drug,not_a_drug,51.0
EPOETIN BETA,EPOETIN BETA,"Erythropoietin analogues (epoetin alpha, epoetin beta, darbepoetin)",substring,50.0
HIGH PURITY FACTOR VIII + VON WILLEBRAND FACTOR,HIGH PURITY FACTOR VIII + VON WILLEBRAND FACTOR,no_ta_match,no_ta_match,49.0
SOTORASIB,SOTORASIB,Sotorasib,exact,48.0
NIVOLUMAB -,NIVOLUMAB,Cabozantinib with nivolumab,substring,48.0
PEGINTERFERON ALFA 2A,PEGINTERFERON ALFA 2A,Peginterferon alfa-2a,fuzzy,46.0
ALPELISIB,ALPELISIB,Alpelisib with fulvestrant,substring,46.0
SOMATROPIN ,SOMATROPIN,Somatropin,exact,46.0
PLERIXAFOR,PLERIXAFOR,no_ta_match,no_ta_match,45.0
NORMAL IMMUNOGLOBULIN HUMAN (PRIVIGEN),NORMAL IMMUNOGLOBULIN HUMAN,no_ta_match,no_ta_match,45.0
TOCILIZUMAB ,TOCILIZUMAB,Tocilizumab,exact,44.0
NORMAL IMMUNOGLOBULIN HUMAN (KIOVIG),NORMAL IMMUNOGLOBULIN HUMAN,no_ta_match,no_ta_match,43.0
"3,4 DIAMINOPYRIDINE","3,4 DIAMINOPYRIDINE",no_ta_match,no_ta_match,43.0
FLUOROURACIL ,FLUOROURACIL,Aflibercept in combination with irinotecan and fluorouracil-based therapy,substring,42.0
OMALIZUMAB ,OMALIZUMAB,Omalizumab,exact,42.0
PANOBINOSTAT,PANOBINOSTAT,Panobinostat in combination with bortezomib and dexamethasone,substring,42.0
PONATINIB,PONATINIB,Ponatinib,exact,42.0
Ozurdex,OZURDEX,no_ta_match,no_ta_match,41.0
ARSENIC TRIOXIDE,ARSENIC TRIOXIDE,Arsenic trioxide,exact,41.0
Delivery,NOT_A_DRUG,not_a_drug,not_a_drug,41.0
NORMAL IMMUNOGLOBULIN (GAMMAPLEX),NORMAL IMMUNOGLOBULIN,no_ta_match,no_ta_match,41.0
TRIFLURIDINE / TIPIRACIL,TRIFLURIDINE / TIPIRACIL,Trifluridine–tipiracil,component_match,41.0
BLINATUMOMAB,BLINATUMOMAB,Blinatumomab,exact,41.0
FEDRATINIB,FEDRATINIB,Fedratinib,exact,40.0
TIPIRACIL/TRIFLURIDINE,TIPIRACIL/TRIFLURIDINE,Trifluridine–tipiracil,component_match,40.0
CANNABIDIOL,CANNABIDIOL,Cannabidiol,exact,39.0
THIOTEPA,THIOTEPA,no_ta_match,no_ta_match,38.0
MIDOSTAURIN,MIDOSTAURIN,Midostaurin,exact,38.0
CAPIVASERTIB,CAPIVASERTIB,no_ta_match,no_ta_match,38.0
GLECAPREVIR + PIBRENTASVIR,GLECAPREVIR + PIBRENTASVIR,Glecaprevir–pibrentasvir,component_match,38.0
MAVACAMTEN,MAVACAMTEN,Mavacamten,exact,38.0
TOFACITINIB ,TOFACITINIB,Tofacitinib,exact,36.0
RIMEGEPANT,RIMEGEPANT,Rimegepant,exact,35.0
GEMCITABINE ,GEMCITABINE,Bevacizumab in combination with gemcitabine and carboplatin,substring,35.0
TENOFOVIR,TENOFOVIR,Tenofovir alafenamide,substring,35.0
NERATINIB,NERATINIB,Neratinib,exact,34.0
GEMTUZUMAB OZOGAMICIN,GEMTUZUMAB OZOGAMICIN,Gemtuzumab ozogamicin with daunorubicin and cytarabine,substring,34.0
LUMACAFTOR + IVACAFTOR,LUMACAFTOR + IVACAFTOR,Lumacaftor–ivacaftor,component_match,33.0
OCTREOTIDE LA,OCTREOTIDE LA,no_ta_match,no_ta_match,32.0
AMPHOTERICIN B,AMPHOTERICIN B,no_ta_match,no_ta_match,32.0
ROPEGINTERFERON,ROPEGINTERFERON,no_ta_match,no_ta_match,32.0
TEPOTINIB,TEPOTINIB,Tepotinib,exact,31.0
OCTREOTIDE LAR,OCTREOTIDE LAR,no_ta_match,no_ta_match,31.0
INFLIXIMAB (REMSIMA) (HOMECARE) 120 mg in 1mL Pre-Filled Pen,INFLIXIMAB,Infliximab,exact,30.0
IDARUBICIN,IDARUBICIN,no_ta_match,no_ta_match,30.0
OZANIMOD ,OZANIMOD,Ozanimod,exact,29.0
BYOOVIZ,BYOOVIZ,no_ta_match,no_ta_match,29.0
POLATUZUMAB,POLATUZUMAB,Polatuzumab vedotin in combination,substring,29.0
ETANERCEPT ,ETANERCEPT,Etanercept,exact,29.0
BEXAROTENE,BEXAROTENE,no_ta_match,no_ta_match,28.0
Rimmyrah,RIMMYRAH,no_ta_match,no_ta_match,28.0
DELIVERY,NOT_A_DRUG,not_a_drug,not_a_drug,27.0
DYSPORT 500UNIT POWDER FOR SOLUTION FOR INJECTION VIALS (IPSEN LTD),DYSPORT,no_ta_match,no_ta_match,26.0
DOSTARLIMAB,DOSTARLIMAB,Dostarlimab,exact,25.0
Daratumumab,DARATUMUMAB,Carfilzomib with daratumumab and dexamethasone,substring,25.0
MITOMYCIN-C,MITOMYCIN-C,no_ta_match,no_ta_match,25.0
PERTUZUMAB/TRASTUZUMAB,PERTUZUMAB/TRASTUZUMAB,Pertuzumab,substring,25.0
REMSIMA  100MG POWDER FOR CONCENTRATE FOR SOLUTION FOR INFUSION,REMSIMA,no_ta_match,no_ta_match,25.0
BOSENTAN,BOSENTAN,no_ta_match,no_ta_match,24.0
CRIZOTINIB,CRIZOTINIB,Crizotinib,exact,24.0
ELACESTRANT,ELACESTRANT,Elacestrant,exact,24.0
BRENTUXIMAB,BRENTUXIMAB,Brentuximab vedotin,substring,24.0
TRALOKINUMAB ,TRALOKINUMAB,Tralokinumab,exact,24.0
TEZACAFTOR + IVACAFTOR,TEZACAFTOR + IVACAFTOR,Ivacaftor–tezacaftor–elexacafto,component_match,24.0
TRETINOIN,TRETINOIN,Alitretinoin,substring,24.0
ELACESTRANT,ELACESTRANT,Elacestrant,exact,24.0
HUMULIN R ,HUMULIN R,no_ta_match,no_ta_match,24.0
RISANKIZUMAB (FOR HOMECARE THERAPY),RISANKIZUMAB,Risankizumab,exact,23.0
TPN TRIOMEL,NOT_A_DRUG,not_a_drug,not_a_drug,22.0
ANTITHYMOCYTE IMMUNOGLOBULIN (EQUINE),ANTITHYMOCYTE IMMUNOGLOBULIN,Rabbit anti-human thymocyte immunoglobulin,fuzzy,22.0
AFLIBERCEPT (EYLEA) (Vial) 40 mg in 1mL Solution for Injection,AFLIBERCEPT,Aflibercept,exact,22.0
RISANKIZUMAB ,RISANKIZUMAB,Risankizumab,exact,22.0
ERLOTINIB,ERLOTINIB,Erlotinib,exact,22.0
C1-ESTERASE INHIBITOR,C1-ESTERASE INHIBITOR,no_ta_match,no_ta_match,22.0
Prothrombin Complex,NOT_A_DRUG,not_a_drug,not_a_drug,21.0
VONICOG ALFA,VONICOG ALFA,no_ta_match,no_ta_match,21.0
PEGASPARGASE,PEGASPARGASE,"Pegaspargase, as part of antineoplastic combination therapy",substring,21.0
MITOMYCIN ,MITOMYCIN,no_ta_match,no_ta_match,21.0
PERTUZUMAB / TRASTUZUMAB,PERTUZUMAB / TRASTUZUMAB,Pertuzumab,substring,21.0
Avastin,AVASTIN,no_ta_match,no_ta_match,21.0
VONICOG ALFA,VONICOG ALFA,no_ta_match,no_ta_match,21.0
TALIMOGENE LAHERPAREPVEC,TALIMOGENE LAHERPAREPVEC,Talimogene laherparepvec,exact,21.0
TRABECTEDIN,TRABECTEDIN,Intravenous trabectedin,substring,20.0
DUPIXENT  300MG/2ML SOLUTION FOR INJECTION PRE-FILLED SYRINGE,DUPIXENT,no_ta_match,no_ta_match,20.0
ENTRECTINIB,ENTRECTINIB,Entrectinib,exact,20.0
SODIUM LACTATE COMPOUND,SODIUM LACTATE COMPOUND,no_ta_match,no_ta_match,20.0
TRASTUZUMAB EMTANSINE ,TRASTUZUMAB EMTANSINE,Trastuzumab,substring,19.0
LORLATINIB,LORLATINIB,Lorlatinib,exact,19.0
FLUDARABINE,FLUDARABINE,Fludarabine (monotherapy),substring,19.0
ENFORTUMAB VEDOTIN ,ENFORTUMAB VEDOTIN,Enfortumab vedotin,exact,19.0
MANNITOL,MANNITOL,Mannitol dry powder for inhalation,substring,19.0
NIRMATRELVIR,NIRMATRELVIR,Nirmatrelvir plus ritonavir,substring,19.0
HUMIRA ADALIMUMAB,HUMIRA ADALIMUMAB,Adalimumab,substring,19.0
MANNITOL,NOT_A_DRUG,not_a_drug,not_a_drug,19.0
VEDOLIZUMAB  300MG POWDER FOR CONCENTRATE FOR SOLUTION FOR INFUSION (DOSES 4 AND ABOVE),VEDOLIZUMAB,Vedolizumab,exact,18.0
SOFOSBUVIR + VELPATASVIR + VOXILAPREVIR,SOFOSBUVIR + VELPATASVIR + VOXILAPREVIR,Sofosbuvir,substring,18.0
PEGVISOMANT,PEGVISOMANT,no_ta_match,no_ta_match,18.0
FACTOR IX,FACTOR IX,no_ta_match,no_ta_match,18.0
DARBEPOETIN,DARBEPOETIN,"Erythropoiesis-stimulating agents (epoetin alfa, beta, theta and zeta, and darbepoetin alfa)",substring,18.0
HC IDACIO DELIVERY FEE,NOT_A_DRUG,not_a_drug,not_a_drug,18.0
SMOFKABIVEN,SMOFKABIVEN,no_ta_match,no_ta_match,18.0
ENTYVIO  300MG POWDER FOR CONCENTRATE FOR SOLUTION FOR INFUSION,ENTYVIO,no_ta_match,no_ta_match,18.0
CONESTAT ALFA,CONESTAT ALFA,no_ta_match,no_ta_match,18.0
IVOSIDENIB,IVOSIDENIB,Ivosidenib,exact,18.0
Autologus,NOT_A_DRUG,not_a_drug,not_a_drug,18.0
LANREOTIDE AUTOGEL,LANREOTIDE AUTOGEL,no_ta_match,no_ta_match,17.0
BIMEKIZUMAB (BIMZELX) HOMECARE 160 mg Pre-Filled Pen,BIMEKIZUMAB,Bimekizumab,exact,17.0
CERTOLIZUMAB PEGOL (CIMZIA) (HOMECARE) 200 mg in 1mL Pre-Filled Pen,CERTOLIZUMAB PEGOL,Certolizumab Pegol,exact,17.0
FLIXABI  100MG POWDER FOR CONCENTRATE FOR SOLUTION FOR INFUSION,FLIXABI,no_ta_match,no_ta_match,17.0
TECLISTAMAB,TECLISTAMAB,Teclistamab,exact,17.0
SELPERCATINIB,SELPERCATINIB,Selpercatinib,exact,16.0
XOLAIR  150MG/1ML INJECTION,XOLAIR,no_ta_match,no_ta_match,16.0
MERCAPTAMINE ,MERCAPTAMINE,no_ta_match,no_ta_match,16.0
DIFELIKEFALIN,DIFELIKEFALIN,Difelikefalin,exact,16.0
ETANERCEPT (BENEPALI) (HOMECARE) 50 mg in 1mL Pre-Filled Pen,ETANERCEPT,Etanercept,exact,16.0
NORMAL IMMUNOGLOBULIN HUMAN (INTRATECT),NORMAL IMMUNOGLOBULIN HUMAN,no_ta_match,no_ta_match,16.0
SKYRIZI  150MG/1ML SOLUTION FOR INJECTION PRE-FILLED PEN,SKYRIZI,no_ta_match,no_ta_match,16.0
SODIUM BENZOATE,SODIUM BENZOATE,no_ta_match,no_ta_match,15.0
BELANTAMAB,BELANTAMAB,Elranatamab,fuzzy,15.0
MERCAPTAMINE,MERCAPTAMINE,no_ta_match,no_ta_match,15.0
ADALIMUMAB - ASTUTE TRIAL,ADALIMUMAB - ASTUTE TRIAL,Adalimumab,substring,15.0
SOMATROPIN (Homecare)(Omnitrope SurePal 10),SOMATROPIN,Somatropin,exact,15.0
SOMATROPIN (Homecare)(Omnitrope SurePal 15),SOMATROPIN,Somatropin,exact,14.0
NIRSEVIMAB ,NIRSEVIMAB,no_ta_match,no_ta_match,14.0
TRASTUZUMAB DERUXTECAN ,TRASTUZUMAB DERUXTECAN,Trastuzumab,substring,14.0
CARMUSTINE,CARMUSTINE,Carmustine implants,substring,14.0
ABATACEPT (Orencia FOR HOMECARE THERAPY),ABATACEPT,Abatacept,exact,14.0
RIMMYRAH,RIMMYRAH,no_ta_match,no_ta_match,13.0
IDELALISIB,IDELALISIB,Idelalisib,exact,13.0
EPCORITAMAB,EPCORITAMAB,Epcoritamab,exact,13.0
TIPIRACIL AND TRIFLURIDINE,TIPIRACIL AND TRIFLURIDINE,Trifluridine–tipiracil,component_match,13.0
ADALIMUMAB - BIOSIMILAR,ADALIMUMAB - BIOSIMILAR,Adalimumab,substring,13.0
Panitumumab,PANITUMUMAB,Panitumumab,exact,13.0
USTEKINUMAB ,USTEKINUMAB,Ustekinumab,exact,13.0
ELAFIBRANOR ,ELAFIBRANOR,Elafibranor,exact,13.0
TRIENTINE,TRIENTINE,no_ta_match,no_ta_match,13.0
AMPHOTERICIN (AMBISOME) LIPOSOMAL,AMPHOTERICIN LIPOSOMAL,no_ta_match,no_ta_match,13.0
IXEKIZUMAB ,IXEKIZUMAB,Ixekizumab,exact,12.0
 DOXORUBICIN,DOXORUBICIN,Docetaxel with doxorubicin and cyclophosphamide (the TAC regimen),substring,12.0
BIMZELX  160MG/1ML SOLUTION FOR INJECTION PRE-FILLED PEN,BIMZELX 160MG/1ML SOLUTION FOR INJECTION PRE-FILLED PEN,no_ta_match,no_ta_match,12.0
FACTOR VIII INHIBITOR BYPASSING FACTOR,FACTOR VIII INHIBITOR BYPASSING FACTOR,no_ta_match,no_ta_match,12.0
ETANERCEPT (ENBREL FOR HOMECARE THERAPY),ETANERCEPT,Etanercept,exact,12.0
BELANTAMAB MAFODOTIN,BELANTAMAB MAFODOTIN,no_ta_match,no_ta_match,12.0
INSTALLATION AND REMOVAL FEE ,NOT_A_DRUG,not_a_drug,not_a_drug,12.0
HC ADALIMUMAB (AMGEVITA HCF) 40 MG/0.4 ML SOLUTION FOR INJECTION PRE-FILLED PEN,HC ADALIMUMAB 40 MG/0.4 ML SOLUTION FOR INJECTION PRE-FILLED PEN,Adalimumab,substring,12.0
VYDURA  75MG ORAL LYOPHILISATES SUGAR-FREE,VYDURA 75MG ORAL LYOPHILISATES SUGAR-FREE,no_ta_match,no_ta_match,11.0
PRALUENT PRE-FILLED PEN  150MG/1ML INJECTION,PRALUENT PRE-FILLED PEN 150MG/1ML INJECTION,no_ta_match,no_ta_match,11.0
DEFERIPRONE,DEFERIPRONE,no_ta_match,no_ta_match,11.0
Iluvien Injection,ILUVIEN INJECTION,no_ta_match,no_ta_match,11.0
EFTRENONACOG ALFA,EFTRENONACOG ALFA,no_ta_match,no_ta_match,11.0
USTEKINUMAB (STELARA) (HOMECARE) 90 mg in 1mL Pre-Filled Syringe,NOT_A_DRUG,not_a_drug,not_a_drug,11.0
NORMAL IMMUNOGLOBULIN (FLEBOGAMMA - 726525),NORMAL IMMUNOGLOBULIN,no_ta_match,no_ta_match,11.0
PEGINTERFERON ALFA,PEGINTERFERON ALFA,Boceprevir in combination with peginterferon alfa and ribavirin,substring,10.0
DOLUTEGRAVIR,DOLUTEGRAVIR,no_ta_match,no_ta_match,10.0
VON WILLEBRAND FACTOR ANALOGUE,VON WILLEBRAND FACTOR ANALOGUE,no_ta_match,no_ta_match,10.0
INFLIXIMAB (FLIXABI) 100MG POWDER FOR CONCENTRATE FOR SOLUTION FOR INFUSION,INFLIXIMAB 100MG POWDER FOR CONCENTRATE FOR SOLUTION FOR INFUSION,Infliximab,substring,10.0
DEXTROSE,DEXTROSE,no_ta_match,no_ta_match,10.0
ADALIMUMAB (AMGEVITA) (HOMECARE) (*NEW*) 40 mg in 0.8mL Pre-Filled Pen,ADALIMUMAB 40 MG IN 0.8ML PRE-FILLED PEN,Adalimumab,substring,10.0
TOCILIZUMAB (Tyenne),TOCILIZUMAB,Tocilizumab,exact,10.0
GLYCEROL PHENYLBUTYRATE,GLYCEROL PHENYLBUTYRATE,no_ta_match,no_ta_match,10.0
MELATONIN  3MG TABLETS; 30 TABLETS; PACK; PACK OF 1,MELATONIN 3MG TABLETS; 30 TABLETS; PACK; PACK OF 1,no_ta_match,no_ta_match,10.0
ADALIMUMAB (YUFLYMA) (HOMECARE) 40 mg in 0.4mL Pre-Filled Pen,ADALIMUMAB 40 MG IN 0.4ML PRE-FILLED PEN,Adalimumab,substring,10.0
C1 ESTERASE INHIBITOR,C1 ESTERASE INHIBITOR,no_ta_match,no_ta_match,10.0
UPADACITINIB (RINVOQ)  (HOMECARE) 30 mg Prolonged-Release Tablets,UPADACITINIB 30 MG PROLONGED-RELEASE TABLETS,Upadacitinib,substring,10.0
GOLIMUMAB (Simponi HOMECARE),GOLIMUMAB,Golimumab,exact,10.0
NERIA NEEDLE GUARD 6MM/110CM/27G,NOT_A_DRUG,not_a_drug,not_a_drug,9.0
EVEROLIMUS ,EVEROLIMUS,Everolimus,exact,9.0
DUPILUMAB (Dupixent HOMECARE),DUPILUMAB,Dupilumab,exact,9.0
MELATONIN  2MG MODIFIED RELEASE TABLET; 30 TABLETS; PACK; PACK OF 1,MELATONIN 2MG MODIFIED RELEASE TABLET; 30 TABLETS; PACK; PACK OF 1,no_ta_match,no_ta_match,9.0
TRASTUZUMAB ,TRASTUZUMAB,Trastuzumab,exact,9.0
DACTINOMYCIN,DACTINOMYCIN,no_ta_match,no_ta_match,9.0
GANCICLOVIR,GANCICLOVIR,no_ta_match,no_ta_match,9.0
PEMBROLIZUMABLIQUID,PEMBROLIZUMABLIQUID,Pembrolizumab,substring,9.0
DUPIXENT  300MG/2ML SOLUTION FOR INJECTION PRE-FILLED DEVICE,DUPIXENT 300MG/2ML SOLUTION FOR INJECTION PRE-FILLED DEVICE,no_ta_match,no_ta_match,9.0
VOCLOSPORIN,VOCLOSPORIN,Voclosporin with mycophenolate mofetil,substring,9.0
AVASTIN,AVASTIN,no_ta_match,no_ta_match,9.0
PREDNISOLONE  5MG TABLETS,PREDNISOLONE 5MG TABLETS,no_ta_match,no_ta_match,9.0
HC SOMATROPIN GENOTROPIN MINIQUICK  INJECTION 0.4 MG (1.2IU),HC SOMATROPIN GENOTROPIN MINIQUICK INJECTION 0.4 MG,Somatropin,substring,8.0
AMBISOME LIPOSOMAL 50MG POWDER FOR DISPERSION FOR INFUSION VIALS (GILEAD SCIENCES INTERNATIONAL LTD),AMBISOME LIPOSOMAL 50MG POWDER FOR DISPERSION FOR INFUSION VIALS,no_ta_match,no_ta_match,8.0
ALISKIREN,ALISKIREN,no_ta_match,no_ta_match,8.0
AQUIPTA  60MG TABLETS,AQUIPTA 60MG TABLETS,no_ta_match,no_ta_match,8.0
BOTULINUM TOXIN TYPE A  100UNIT POWDER FOR SOLUTION FOR INJECTION,BOTULINUM TOXIN TYPE A 100UNIT POWDER FOR SOLUTION FOR INJECTION,Botulinum toxin type A,substring,8.0
ISAVUCONAZOLE,ISAVUCONAZOLE,no_ta_match,no_ta_match,8.0
GENTAMICIN  80MG/2ML INJECTION,GENTAMICIN 80MG/2ML INJECTION,no_ta_match,no_ta_match,8.0
RALTEGRAVIR,RALTEGRAVIR,no_ta_match,no_ta_match,8.0
SUCROFERRIC OXYHYDROXIDE,SUCROFERRIC OXYHYDROXIDE,no_ta_match,no_ta_match,8.0
THALIDOMIDE ,THALIDOMIDE,"Bortezomib in combination with dexamethasone, or with dexamethasone and thalidomide",substring,8.0
OCTOCG ALFA,OCTOCG ALFA,no_ta_match,no_ta_match,8.0
OMALIZUMAB (OMLYCLO),OMALIZUMAB,Omalizumab,exact,8.0
NORMALIMMUNOGLOBULIN,NORMALIMMUNOGLOBULIN,no_ta_match,no_ta_match,7.0
Octocog Alfa,OCTOCOG ALFA,Efanesoctocog alfa,substring,7.0
SEVELAMER CARBONATE (RENVELA),SEVELAMER CARBONATE,no_ta_match,no_ta_match,7.0
ROPEGINTERFERON ALFA-2B,ROPEGINTERFERON ALFA-2B,Peginterferon alfa-2a,fuzzy,7.0
TRUXIMA  500MG/50ML CONCENTRATE FOR SOLUTION FOR INFUSION,TRUXIMA 500MG/50ML CONCENTRATE FOR SOLUTION FOR INFUSION,no_ta_match,no_ta_match,7.0
NORMAL IMMUNOGLOBULIN HUMAN (IQYMUNE),NORMAL IMMUNOGLOBULIN HUMAN,no_ta_match,no_ta_match,7.0
RITONAVIR,RITONAVIR,Nirmatrelvir plus ritonavir,substring,7.0
BARICITINIB (OLUMIANT) (HOMECARE) 4 mg Tablets,BARICITINIB 4 MG TABLETS,Baricitinib,substring,7.0
ROACTEMRA  200MG/10ML CONCENTRATE FOR SOLUTION FOR INFUSION,ROACTEMRA 200MG/10ML CONCENTRATE FOR SOLUTION FOR INFUSION,no_ta_match,no_ta_match,7.0
INFLIXIMAB (Remsima HOMECARE),INFLIXIMAB,Infliximab,exact,7.0
VEDOLIZUMAB (Entyvio) FOR HOMECARE THERAPY,VEDOLIZUMAB FOR HOMECARE THERAPY,Vedolizumab,substring,7.0
QUIZARTINIB,QUIZARTINIB,Quizartinib,exact,7.0
HOMECARE 3 MONTH DELIVERY CHARGE,NOT_A_DRUG,not_a_drug,not_a_drug,7.0
VEDOLIZUMAB ENTYVIO,VEDOLIZUMAB ENTYVIO,Vedolizumab,substring,7.0
PEMIGATINIB,PEMIGATINIB,Pemigatinib,exact,7.0
INSTALLATION AND REMOVAL FEE,NOT_A_DRUG,not_a_drug,not_a_drug,7.0
ROACTEMRA  80MG/4ML CONCENTRATE FOR SOLUTION FOR INFUSION,ROACTEMRA 80MG/4ML CONCENTRATE FOR SOLUTION FOR INFUSION,no_ta_match,no_ta_match,7.0
USTEKINUMAB (PYZCHIVA),USTEKINUMAB,Ustekinumab,exact,6.0
BOTOX 100UNIT POWDER FOR SOLUTION FOR INJECTION VIALS (ALLERGAN LTD),BOTOX 100UNIT POWDER FOR SOLUTION FOR INJECTION VIALS,no_ta_match,no_ta_match,6.0
EMTRICITABINE AND TENOFOVIR ALAFENAMIDE,EMTRICITABINE AND TENOFOVIR ALAFENAMIDE,Tenofovir alafenamide,substring,6.0
LENVATINIB (LENVIMA),LENVATINIB,Lenvatinib,exact,6.0
RINVOQ  30MG MODIFIED RELEASE TABLET,RINVOQ 30MG MODIFIED RELEASE TABLET,no_ta_match,no_ta_match,6.0
FIBRINOGEN,FIBRINOGEN,no_ta_match,no_ta_match,6.0
MERCAPTAMINE (CYSTEAMINE) (HOMECARE),MERCAPTAMINE,no_ta_match,no_ta_match,6.0
AJOVY  225MG/1.5ML SOLUTION FOR INJECTION PRE-FILLED PEN,AJOVY 225MG/1.5ML SOLUTION FOR INJECTION PRE-FILLED PEN,no_ta_match,no_ta_match,6.0
INTERFERON BETA 1B,INTERFERON BETA 1B,Interferon beta‑1a,fuzzy,6.0
DARBEPOETIN ALFA (FOR HOMECARE THERAPY) Aranesp,DARBEPOETIN ALFA ARANESP,no_ta_match,no_ta_match,6.0
ZIDOVUDINE,ZIDOVUDINE,no_ta_match,no_ta_match,6.0
UPADACITINIB (Rinvoq HOMECARE) PAS PRICE 873.93,UPADACITINIB PAS PRICE 873.93,Upadacitinib,substring,6.0
DAUNORUBICIN + CYTARABINE,DAUNORUBICIN + CYTARABINE,Gemtuzumab ozogamicin with daunorubicin and cytarabine,component_match,6.0
PEMETREXED IN 0.9% SODIUM CHLORIDE,NOT_A_DRUG,not_a_drug,not_a_drug,6.0
EBGLYSS  250MG/2ML SOLUTION FOR INJECTION PRE-FILLED PEN,EBGLYSS 250MG/2ML SOLUTION FOR INJECTION PRE-FILLED PEN,no_ta_match,no_ta_match,6.0
BOTULINUM TOXIN,BOTULINUM TOXIN,Botulinum toxin type A,substring,6.0
EMTRICITABINE / TENOFOVIR DISOPROXIL,EMTRICITABINE / TENOFOVIR DISOPROXIL,Tenofovir disoproxil fumarate,component_match,6.0
IDACIO  40MG/0.8ML SOLUTION FOR INJECTION PRE-FILLED PEN,IDACIO 40MG/0.8ML SOLUTION FOR INJECTION PRE-FILLED PEN,no_ta_match,no_ta_match,6.0
FARICIMAB 28.8mg/0.24mL!SOLUTION FOR INJECTION,FARICIMAB 28.8MG/0.24ML!SOLUTION FOR INJECTION,Faricimab,substring,6.0
TOFACITINIB  5MG TABLETS,TOFACITINIB 5MG TABLETS,Tofacitinib,substring,6.0
SOMAERECT RESPONSE II vacuum pump,NOT_A_DRUG,not_a_drug,not_a_drug,6.0
DEUCRAVACITINIB (SOTYKTU for HOMECARE),DEUCRAVACITINIB,Deucravacitinib for treating moderate to severe plaque psoriasis,substring,6.0
DEUTIVACAFTOR + TEZACAFTOR + VANZACAFTOR ,DEUTIVACAFTOR + TEZACAFTOR + VANZACAFTOR,Ivacaftor–tezacaftor–elexacafto,component_match,6.0
EPOETIN ZETA ,EPOETIN ZETA,no_ta_match,no_ta_match,6.0
FRUQUINTINIB,FRUQUINTINIB,no_ta_match,no_ta_match,6.0
HOMECARE 4 MONTH DELIVERY CHARGE ALCURA,NOT_A_DRUG,not_a_drug,not_a_drug,5.0
PRALUENT  300MG/2ML SOLUTION FOR INJECTION PRE-FILLED PEN,PRALUENT 300MG/2ML SOLUTION FOR INJECTION PRE-FILLED PEN,no_ta_match,no_ta_match,5.0
AFLIBERCEPT (EYLEA) 2 mg in 50microlitres Pre-Filled Syringe,NOT_A_DRUG,not_a_drug,not_a_drug,5.0
DIAMINOPYRIDINE,DIAMINOPYRIDINE,no_ta_match,no_ta_match,5.0
APIXABAN  5MG TABLETS 56 TABLETS PACK PACK OF 1,APIXABAN 5MG TABLETS 56 TABLETS PACK PACK OF 1,Apixaban,substring,5.0
Etoposide,ETOPOSIDE,Atezolizumab with carboplatin and etoposide,substring,5.0
VEDOLIZUMAB ,VEDOLIZUMAB,Vedolizumab,exact,5.0
FILGOTINIB (Jyseleca HOMECARE),FILGOTINIB,Filgotinib,exact,5.0
APREMILAST (Otezla HOMECARE),APREMILAST,Apremilast,exact,5.0
ETANERCEPT - BIOSIMILAR,ETANERCEPT - BIOSIMILAR,Etanercept,substring,5.0
INFLIXIMAB (REMSIMA) 100 mg Infusion powder,INFLIXIMAB 100 MG INFUSION POWDER,Infliximab,substring,5.0
USTEKINUMAB (WEZENLA) (HOMECARE) 90 mg in 1mL Pre-Filled Syringe,NOT_A_DRUG,not_a_drug,not_a_drug,5.0
LANTHANUM CARBONATE,LANTHANUM CARBONATE,no_ta_match,no_ta_match,5.0
ROXADUSTAT (Evrenzo HOMECARE THERAPY),ROXADUSTAT,Roxadustat,exact,5.0
DESCOVY,DESCOVY,no_ta_match,no_ta_match,5.0
LEVOCARNITINE ,NOT_A_DRUG,not_a_drug,not_a_drug,4.0
ADALIMUMAB (IDACIO) (HOMECARE) 40 mg in 0.8mL Pre-Filled Pen,ADALIMUMAB 40 MG IN 0.8ML PRE-FILLED PEN,Adalimumab,substring,4.0
L-ARGININE,L-ARGININE,no_ta_match,no_ta_match,4.0
REMSIMA (INFLIXIMAB) 450 mg in 0.9% Sodium Chlorid,REMSIMA 450 MG IN 0.9% SODIUM CHLORID,no_ta_match,no_ta_match,4.0
ADALIMUMAB - YUFLYMA,ADALIMUMAB - YUFLYMA,Adalimumab,substring,4.0
VOXELOTOR,VOXELOTOR,Voxelotor,exact,4.0
RIBAVIRIN,RIBAVIRIN,Boceprevir in combination with peginterferon alfa and ribavirin,substring,4.0
AGALSIDASE BETA,AGALSIDASE BETA,no_ta_match,no_ta_match,4.0
ULTIMATE SUREFIT RING,NOT_A_DRUG,not_a_drug,not_a_drug,4.0
Pemetrexed,PEMETREXED,Pemetrexed,exact,4.0
BERINERT,BERINERT,no_ta_match,no_ta_match,4.0
BELZUTIFAN,BELZUTIFAN,Belzutifan,exact,4.0
COLOMYCIN,COLOMYCIN,no_ta_match,no_ta_match,4.0
ABATACEPT (Orencia HOMECARE),ABATACEPT,Abatacept,exact,4.0
NORMAL IMMUNOGLOBULIN HUMAN (OCTAGAM),NORMAL IMMUNOGLOBULIN HUMAN,no_ta_match,no_ta_match,4.0
MEXILETINE,MEXILETINE,Mexiletine,exact,4.0
FLEBOGAMMA,FLEBOGAMMA,no_ta_match,no_ta_match,4.0
APIXABAN  2.5MG TABLETS 60 TABLETS PACK PACK OF 1,APIXABAN 2.5MG TABLETS 60 TABLETS PACK PACK OF 1,Apixaban,substring,4.0
DALTEPARIN SODIUM  10000UNIT/1ML SOLUTION FOR INJECTION PRE-FILLED GRADUATED SYRINGE 1 ML SINGLE-USE DEVICE PACK OF 5,NOT_A_DRUG,not_a_drug,not_a_drug,4.0
DARUNAVIR,DARUNAVIR,no_ta_match,no_ta_match,4.0
LOWER DELIVERY CHARGE PPH,NOT_A_DRUG,not_a_drug,not_a_drug,4.0
ROXA (HOMECARE) 3 MONTH DELIVERY CHARGE,NOT_A_DRUG,not_a_drug,not_a_drug,4.0
RIVAROXABAN  1MG/ML ORAL SUSPENSION SUGAR-FREE 100 ML PACK PACK OF 1,RIVAROXABAN 1MG/ML ORAL SUSPENSION SUGAR-FREE 100 ML PACK PACK OF 1,Rivaroxaban,substring,4.0
CIMZIA PRE-FILLED PEN  200MG/1ML INJECTION SOLUTION,CIMZIA PRE-FILLED PEN 200MG/1ML INJECTION SOLUTION,no_ta_match,no_ta_match,4.0
BUDESONIDE,BUDESONIDE,Budesonide orodispersible tablet,substring,4.0
TOCILIZUMAB  (Tyenne) FOR HOMECARE THERAPY,TOCILIZUMAB FOR HOMECARE THERAPY,Tocilizumab,substring,4.0
NEORAL 25MG CAPSULES (NOVARTIS PHARMACEUTICALS UK LTD),NEORAL 25MG CAPSULES,no_ta_match,no_ta_match,4.0
BUDESONIDE (Kinpeygo) FOR HOMECARE THERAPY Modified Release,BUDESONIDE FOR HOMECARE THERAPY MODIFIED RELEASE,no_ta_match,no_ta_match,4.0
PENTAMIDINE,PENTAMIDINE,no_ta_match,no_ta_match,4.0
OCRELIZUMAB ,OCRELIZUMAB,Ocrelizumab,exact,4.0
BUDESONIDE (KINPEYGO) ,BUDESONIDE,Budesonide orodispersible tablet,substring,4.0
APREMILAST (OTEZLA) 30 mg Tablets,APREMILAST,Apremilast,exact,3.0
ENBREL ETANERCEPT,ETANERCEPT,Etanercept,exact,3.0
PEGASPARAGINASE,PEGASPARAGINASE,no_ta_match,no_ta_match,3.0
PALFORZIA INITIAL DOSE ESCALATION PACK,PALFORZIA,Palforzia,exact,3.0
RITLECITINIB,RITLECITINIB,Ritlecitinib,exact,3.0
CERTOLIZUMABPEGOL,CERTOLIZUMABPEGOL,Certolizumab Pegol,substring,3.0
ETANERCEPT - ERELZI,ETANERCEPT,Etanercept,exact,3.0
VEDOLIZUMAB 300MG POWDER FOR CONCENTRATE FOR SOLUTION FOR INFUSION,VEDOLIZUMAB,Vedolizumab,exact,3.0
RISANKIZUMAB (SKYRIZI) (HOMECARE) 360 mg Cartridge with Device,RISANKIZUMAB,Risankizumab,exact,3.0
ROMOSOZUMAB (Evenity HOMECARE),ROMOSOZUMAB,Romosozumab,exact,3.0
TYMBRINEB  300MG/5ML NEBULISER SOLUTION,TYMBRINEB,no_ta_match,no_ta_match,3.0
EMGALITY  120MG/1ML SOLUTION FOR INJECTION PRE-FILLED PEN,EMGALITY 120MG/1ML SOLUTION FOR INJECTION PRE-FILLED PEN,no_ta_match,no_ta_match,3.0
DIMETHYL FUMARATE ,DIMETHYL FUMARATE,Dimethyl fumarate,exact,3.0
CISPLATIN + ETOPOSIDE,CISPLATIN + ETOPOSIDE,Durvalumab with gemcitabine and cisplatin,component_match,3.0
GALCENEZUMAB,GALCENEZUMAB,Galcanezumab,fuzzy,3.0
PENTOSTATIN,PENTOSTATIN,no_ta_match,no_ta_match,3.0
UPADACITINIB (RINVOQ) (HOMECARE) 15 mg Prolonged-Release Tablets,UPADACITINIB 15 MG PROLONGED-RELEASE TABLETS,Upadacitinib,substring,3.0
avastin,AVASTIN,no_ta_match,no_ta_match,3.0
NELARABINE,NELARABINE,no_ta_match,no_ta_match,3.0
VINORELBINE ,VINORELBINE,Vinorelbine (1st line),substring,3.0
XONVEA (Doxylamine 10mg & Pyridoxine 10mg),XONVEA,no_ta_match,no_ta_match,3.0
VEDOLIZUMAB (ENTYVIO) 300 mg Infusion powder,VEDOLIZUMAB 300 MG INFUSION POWDER,Vedolizumab,substring,3.0
GUSELKUMAB (Tremfya HOMECARE),GUSELKUMAB,Guselkumab,exact,3.0
WEZENLA 45MG/0.5ML SOLUTION FOR INJECTION PRE-FILLED SYRINGE,NOT_A_DRUG,not_a_drug,not_a_drug,3.0
TIVOZANIB,TIVOZANIB,Tivozanib,exact,3.0
SOMATROPIN (GENOTROPIN) (HOMECARE) 12 mg Injection Cartridges,SOMATROPIN 12 MG INJECTION CARTRIDGES,Somatropin,substring,3.0
EPOETIN BETA (HOMECARE),EPOETIN BETA,"Erythropoietin analogues (epoetin alpha, epoetin beta, darbepoetin)",substring,3.0
LAMIVUDINE,LAMIVUDINE,Adefovir dipivoxil in combination with lamivudine,substring,3.0
SAIZEN  12MG/1.5ML INJECTION SOLUTION,SAIZEN 12MG/1.5ML INJECTION SOLUTION,no_ta_match,no_ta_match,3.0
SOMATROPIN (Homecare)(Genotropin),SOMATROPIN,Somatropin,exact,3.0
INFLIXIMAB (REMSIMA) (HOMECARE) 120 mg Pre-Filled,INFLIXIMAB,Infliximab,exact,2.0
ARGININE,NOT_A_DRUG,not_a_drug,not_a_drug,2.0
PEGINTERFERONAFA-2A,PEGINTERFERONAFA-2A,Peginterferon alfa-2a,substring,2.0
AFLIBERCEPT  3.6MG/90MICROLITRE SOLUTION FOR INJECTION PRE-FILLED SYRINGE,AFLIBERCEPT,Aflibercept,exact,2.0
SERVICE COST (POLAR SPEED HOMECARE),NOT_A_DRUG,not_a_drug,not_a_drug,2.0
Avelumab,AVELUMAB,Avelumab,exact,2.0
"DIAMINOPYRIDINE (3,4)",DIAMINOPYRIDINE,no_ta_match,no_ta_match,2.0
HC USTEKINUMAB (PYZCHIVA) 90MG/1ML SOLUTION FOR INJECTION PRE-FILLED SYRINGE,USTEKINUMAB,Ustekinumab,exact,2.0
USTEKINUMAB (STELARA) (HOMECARE) 45 mg in 0.5mL Pre-Filled Syringe,USTEKINUMAB,Ustekinumab,exact,2.0
BOTULINUM A TOXIN (Botox) 100 units Powder for Soln for Injection,BOTULINUM TOXIN TYPE A,Botulinum toxin type A,exact,2.0
BIMEKIZUMAB (Bimzelx HOMECARE),BIMEKIZUMAB,Bimekizumab,exact,2.0
DEUCRAVACITINIB (Sotyktu HOMECARE),DEUCRAVACITINIB,Deucravacitinib for treating moderate to severe plaque psoriasis,substring,2.0
PALFORZIA LEVEL 4 (20MG DAILY) 2 WEEK UP-DOSING PACK,PALFORZIA LEVEL 4 2 WEEK UP-DOSING,Palforzia,substring,2.0
SECUKINUMAB (HOMECARE) (COSENTYX) 300 mg in 2mL Pr,SECUKINUMAB,Secukinumab,exact,2.0
ITRACONAZOLE  100MG CAPSULES,ITRACONAZOLE,no_ta_match,no_ta_match,2.0
NOVO SEVEN,EPTACOG ALFA,no_ta_match,no_ta_match,2.0
TRALOKINUMAB (HOMECARE),TRALOKINUMAB,Tralokinumab,exact,2.0
ADALIMUMAB (Yuflyma),ADALIMUMAB,Adalimumab,exact,2.0
VALGANCICLOVIR,VALGANCICLOVIR,no_ta_match,no_ta_match,2.0
MODAFINIL  100MG TABLETS; 30 TABLETS; PACK; PACK OF 1,MODAFINIL,no_ta_match,no_ta_match,2.0
DUPILUMAB  300MG/2ML SOLUTION FOR INJECTION PRE-FILLED SYRINGE,DUPILUMAB,Dupilumab,exact,2.0
SCIENSUS HOMECARE 3 MONTHLY DELIVERY CHARGE,NOT_A_DRUG,not_a_drug,not_a_drug,2.0
DEUCRAVACITINIB,DEUCRAVACITINIB,Deucravacitinib for treating moderate to severe plaque psoriasis,substring,2.0
PULMOZYME,DORNASE ALFA,no_ta_match,no_ta_match,2.0
VAMOROLONE,VAMOROLONE,Vamorolone,exact,2.0
YUFLYMA  40MG/0.4ML SOLUTION FOR INJECTION PRE-FILLED PEN,ADALIMUMAB,Adalimumab,exact,2.0
INFLIXIMAB - BIOSIMILAR,INFLIXIMAB,Infliximab,exact,2.0
Lucentis2,RANIBIZUMAB,Ranibizumab,exact,2.0
ALIROCUMAB  300MG/2ML SOLUTION FOR INJECTION PRE-FILLED PEN,ALIROCUMAB,Alirocumab,exact,2.0
SODIUM CHLORIDE INHALATION SOLUTION 7%,NOT_A_DRUG,not_a_drug,not_a_drug,2.0
TADALAFIL,TADALAFIL,Tadalafil,exact,2.0
Cytarabine,CYTARABINE,Gemtuzumab ozogamicin with daunorubicin and cytarabine,substring,2.0
ORENCIA CLICKJECT  125MG INJECTION SOLUTION,ABATACEPT,Abatacept,exact,2.0
DESFERRIOXAMINE 500MG POWDER FOR SOLUTION FOR INJECTION VIALS,DESFERRIOXAMINE,no_ta_match,no_ta_match,2.0
REMSIMA (INFLIXIMAB) 450 mg in 0.9% Sodium Chloride (250ML) Infusion,INFLIXIMAB,Infliximab,exact,2.0
REMSIMA (INFLIXIMAB) 500 mg in 0.9% Sodium Chlorid,INFLIXIMAB,Infliximab,exact,2.0
peanut protein,NOT_A_DRUG,not_a_drug,not_a_drug,2.0
REMDESIVIR 100 mg Infusion powder,REMDESIVIR,Remdesivir,exact,2.0
PALFORZIA LEVEL 5 (40MG DAILY) 2 WEEK UP-DOSING PACK,PALFORZIA LEVEL 5 2 WEEK UP-DOSING,Palforzia,substring,2.0
ROACTEMRA TOCILIZUMAB,TOCILIZUMAB,Tocilizumab,exact,2.0
NEVIRAPINE,NEVIRAPINE,no_ta_match,no_ta_match,2.0
MABTHERA,RITUXIMAB,Rituximab,exact,2.0
Fluocinolone,FLUOCINOLONE,Fluocinolone acetonide,substring,2.0
TOCTINO 10MG CAPSULES (STIEFEL LABORATORIES (UK) LTD),ALITRETINOIN,Alitretinoin,exact,2.0
INOTUZUMAB OZOGAMICIN,INOTUZUMAB OZOGAMICIN,Inotuzumab,substring,2.0
SECUKINUMAB (HOMECARE) (COSENTYX) 300 mg in 2mL Pre-Filled Pen,SECUKINUMAB,Secukinumab,exact,2.0
ANTITHROMBIN III,ANTITHROMBIN III,no_ta_match,no_ta_match,2.0
ABROCITINIB 200mg,ABROCITINIB,Abrocitinib,exact,2.0
AFLIBERCEPT (EYLEA) (PFS),AFLIBERCEPT,Aflibercept,exact,2.0
DARBEPOETIN ALFA (FOR HOMECARE THERAPY) Aranesp (new),DARBEPOETIN ALFA,"Erythropoiesis-stimulating agents (epoetin alfa, beta, theta and zeta, and darbepoetin alfa)",substring,2.0
Vonicog alfa,VONICOG ALFA,no_ta_match,no_ta_match,2.0
INOTUZUMAB OZOGAMICIN,INOTUZUMAB OZOGAMICIN,Inotuzumab,substring,2.0
UPADACITINIB  45MG MODIFIED RELEASE TABLET,UPADACITINIB,Upadacitinib,exact,2.0
IBRUTINIB (WM-FOC STOCK),IBRUTINIB,Ibrutinib,exact,1.0
GENVOYA,ELVITEGRAVIR,no_ta_match,no_ta_match,1.0
RIVAROXABAN  15MG FILM COATED TABLETS 28 TABLETS PACK PACK OF 1,RIVAROXABAN,Rivaroxaban,exact,1.0
PALFORZIA LEVEL 9 (200MG DAILY) 2 WEEK UP-DOSING PACK,PALFORZIA LEVEL 9 2 WEEK UP-DOSING,Palforzia,substring,1.0
TALTZ PRE-FILLED PEN  80MG INJECTION SOLUTION,IXEKIZUMAB,Ixekizumab,exact,1.0
PACLITAXELALBUMIN,PACLITAXELALBUMIN,Paclitaxel,substring,1.0
NERIA GUARD NEEDLE 6MM/110CM/27G,NOT_A_DRUG,not_a_drug,not_a_drug,1.0
LEVOCARNITINE (L-CARNITINE),LEVOCARNITINE,no_ta_match,no_ta_match,1.0
SACITUZIMAB GOVITECAN,SACITUZIMAB GOVITECAN,Sacituzumab govitecan,substring,1.0
HPMC,NOT_A_DRUG,not_a_drug,not_a_drug,1.0
MEROPENEM  500MG POWDER FOR SOLUTION FOR INJECTION,MEROPENEM,no_ta_match,no_ta_match,1.0
INCLISIRAN,INCLISIRAN,Inclisiran,exact,1.0
BEVACIZUMAB (0.15ML) 1.25 mg in 0.05mL Intravitreal Injection,BEVACIZUMAB,Bevacizumab,exact,1.0
MARIBAVIR,MARIBAVIR,Maribavir,exact,1.0
XOLAIR  150MG/1ML SOLUTION FOR INJECTION PRE-FILLED SYRINGE,OMALIZUMAB,Omalizumab,exact,1.0
MEXILETINE HYDROCHLORIDE  100MG CAPSULES,MEXILETINE HYDROCHLORIDE,Mexiletine,substring,1.0
USTEKINUMAB (Pyzchiva),USTEKINUMAB,Ustekinumab,exact,1.0
SEVELAMER HYDROCHLORIDE (RENAGEL),SEVELAMER,no_ta_match,no_ta_match,1.0
INFLIXIMAB REMSIMA,INFLIXIMAB,Infliximab,exact,1.0
COLISTIMETHATESODIUM,COLISTIMETHATESODIUM,Colistimethate sodium,substring,1.0
"PEGINTERFERON ALFA-2A, PRE-FILLED SYRINGE (PEGASYS)",PEGINTERFERON ALFA-2A,Peginterferon alfa-2a,exact,1.0
BEVACIZUMAB (Right eye),BEVACIZUMAB,Bevacizumab,exact,1.0
ADALIMUMAB (AMGEVITA) (HOMECARE) 40 mg in 0.8mL Pr,ADALIMUMAB,Adalimumab,exact,1.0
GEMCITABINE 2000MG IN 250ML SODIUM CHLORIDE 0.9%,GEMCITABINE,Gemcitabine,exact,1.0
HC USTEKINUMAB (STELARA) 90MG/1ML INJECTION SOLUTION PRE-FILLED SYRINGE,USTEKINUMAB,Ustekinumab,exact,1.0
BARICITINIB (Olumiant HOMECARE PAS),BARICITINIB,Baricitinib,exact,1.0
VYEPTI  100MG/1ML SOLUTION FOR INFUSION VIAL,EPTINEZUMAB,Eptinezumab,exact,1.0
PALFORZIA LEVEL 3 (12MG DAILY) 2 WEEK UP-DOSING PACK,PALFORZIA LEVEL 3 2 WEEK UP-DOSING,Palforzia,substring,1.0
PALFORZIA LEVEL 1 TWO WEEK UP-DOSING PACK (3MG DAILY),PALFORZIA LEVEL 1 TWO WEEK UP-DOSING,Palforzia,substring,1.0
ALITRETINOIN (HOMECARE),ALITRETINOIN,Alitretinoin,exact,1.0
COSENTYX  150MG/1ML SOLUTION FOR INJECTION PRE-FILLED PEN,SECUKINUMAB,Secukinumab,exact,1.0
DEXAMETHASONE / NEOMYCIN SULATE ./ ACETIC ACID (Glacial),DEXAMETHASONE / NEOMYCIN SULATE ./ ACETIC ACID,"Bortezomib in combination with dexamethasone, or with dexamethasone and thalidomide",component_match,1.0
TRUXIMA (Rituximab) (TURING),RITUXIMAB,Rituximab,exact,1.0
PN NEONATAL PRETERM STANDARD,NOT_A_DRUG,not_a_drug,not_a_drug,1.0
RELUGOLIX,RELUGOLIX,Relugolix,exact,1.0
FREESTYLE LIBRE 2 SENSOR,NOT_A_DRUG,not_a_drug,not_a_drug,1.0
LPCH (HOMECARE) DELIVERY FEE,NOT_A_DRUG,not_a_drug,not_a_drug,1.0
SOMATROPIN (Omnitrope SurePal 15),SOMATROPIN,Somatropin,exact,1.0
PEP PACK,NOT_A_DRUG,not_a_drug,not_a_drug,1.0
PALFORZIA LEVEL 2 (6MG DAILY) 2 WEEK UP-DOSING PACK,PALFORZIA LEVEL 2 2 WEEK UP-DOSING,Palforzia,substring,1.0
WAKIX  18MG TABLETS,PITOLISANT HYDROCHLORIDE,Pitolisant hydrochloride,exact,1.0
PALFORZIA LEVEL 8 (160MG DAILY) 2 WEEK UP-DOSING PACK,PALFORZIA LEVEL 8 2 WEEK UP-DOSING,Palforzia,substring,1.0
BICTEGRAVIR + EMTRICITABINE + TENOFOVIR + ALAFENAMIDE,BICTEGRAVIR + EMTRICITABINE + TENOFOVIR + ALAFENAMIDE,Tenofovir alafenamide,component_match,1.0
WAKIX  4.5MG TABLETS,PITOLISANT HYDROCHLORIDE,Pitolisant hydrochloride,exact,1.0
CIDOMYCIN  80MG/2ML INJECTION,GENTAMICIN,no_ta_match,no_ta_match,1.0
EDOXABAN  60MG TABLETS 28 TABLETS PACK PACK OF 1,EDOXABAN,Edoxaban,exact,1.0
STELARA  130MG/26ML CONCENTRATE FOR SOLUTION FOR INFUSION,USTEKINUMAB,Ustekinumab,exact,1.0
glucose,NOT_A_DRUG,not_a_drug,not_a_drug,1.0
METOJECT PEN  17.5MG/0.35ML SOLUTION FOR INJECTION PRE-FILLED PEN,METHOTREXATE,Abatacept  in combination with methotrexate (after TNF failure),substring,1.0
USTEKINUMAB (Wezenla) FOR HOMECARE THERAPY),USTEKINUMAB,Ustekinumab,exact,1.0
ELACESTRANT DIHYDROCHLORIDE,ELACESTRANT DIHYDROCHLORIDE,Elacestrant,substring,1.0
AMGEVITA (HOMECARE) (ADALIMUMAB) 40 mg Pre-Filled,ADALIMUMAB,Adalimumab,exact,1.0
TRIUMEQ,DOLUTEGRAVIR,no_ta_match,no_ta_match,1.0
FREESTYLE LIBRE 2 PLUS SENSOR,NOT_A_DRUG,not_a_drug,not_a_drug,1.0
MACITENTAN,MACITENTAN,no_ta_match,no_ta_match,1.0
BICTEGRAVIR + EMTRICITABINE + TENOFOVIR,BICTEGRAVIR + EMTRICITABINE + TENOFOVIR,Tenofovir alafenamide,component_match,1.0
INFLIXIMAB (2ND LINE),INFLIXIMAB,Infliximab,exact,1.0
DEXRAZOXANE,DEXRAZOXANE,no_ta_match,no_ta_match,1.0
FACTOR VIII INHIBITOR BYPASSING FRACTION,FACTOR VIII,no_ta_match,no_ta_match,1.0
HEALTHCARE AT HOME (HOMECARE) EMERGENCY DELIVERY FEE,NOT_A_DRUG,not_a_drug,not_a_drug,1.0
SEVELAMER CARBONATE.,SEVELAMER CARBONATE,no_ta_match,no_ta_match,1.0
USTEKINUMAB (STEQEYMA),USTEKINUMAB,Ustekinumab,exact,1.0
PITOLISANT  4.5MG TABLET,PITOLISANT,Pitolisant hydrochloride,substring,1.0
BICTEGRAVIR / EMTRICITABINE / TENOFOVIR,BICTEGRAVIR / EMTRICITABINE / TENOFOVIR,Tenofovir alafenamide,component_match,1.0
DELIVERY CHARGE (ANTIINFECTIVE HOME IVS),NOT_A_DRUG,not_a_drug,not_a_drug,1.0
ANAKINRA  100MG/0.67ML INJECTION,ANAKINRA,Anakinra,exact,1.0
KIOVIG,IMMUNOGLOBULIN,Rabbit anti-human thymocyte immunoglobulin,substring,1.0
SODIUM PHENYLBUTYRATE,SODIUM PHENYLBUTYRATE,no_ta_match,no_ta_match,1.0
EPOPROSTENOL,EPOPROSTENOL,no_ta_match,no_ta_match,1.0
ODEFSEY,EMTRICITABINE,Gemcitabine,substring,1.0
TPN TRIOMEL N7 ELECTROLYTE FREE,NOT_A_DRUG,not_a_drug,not_a_drug,1.0
GENOTROPIN 12MG POWDER AND SOLVENT FOR SOLUTION FOR INJECTION CARTRIDGES,SOMATROPIN,Somatropin,exact,1.0
ENTECAVIR,ENTECAVIR,Entecavir,exact,1.0
ANDEXANET ALPHA,ANDEXANET ALPHA,Andexanet alfa,substring,1.0
SAIZEN  20MG/2.5ML INJECTION SOLUTION,SOMATROPIN,Somatropin,exact,1.0
WEZENLA  45MG/0.5ML SOLUTION FOR INJECTION PRE-FILLED SYRINGE,USTEKINUMAB,Ustekinumab,exact,1.0
ODEFSEY,EMTRICITABINE,Gemcitabine,substring,1.0
FLUOROURACIL CREAM,FLUOROURACIL,Aflibercept in combination with irinotecan and fluorouracil-based therapy,substring,1.0
BUDESONIDE (KINPEYGO),BUDESONIDE,Budesonide orodispersible tablet,substring,1.0
AIMOVIG PRE-FILLED PEN  140MG INJECTION SOLUTION,ERENUMAB,Erenumab,exact,1.0
INFLIXIMAB (INFLECTRA,INFLIXIMAB,Infliximab,exact,1.0
DOXORUBICINLIPOSOMAL,DOXORUBICIN,Docetaxel with doxorubicin and cyclophosphamide (the TAC regimen),substring,1.0
EDOXABAN  30MG TABLETS 28 TABLETS PACK PACK OF 1,EDOXABAN,Edoxaban,exact,1.0
FOSCARNET SODIUM,FOSCARNET SODIUM,no_ta_match,no_ta_match,1.0
ONC/HAEM HOMECARE 2 MONTHLY DELIVERY CHARGE,NOT_A_DRUG,not_a_drug,not_a_drug,1.0
AFLIBERCEPT (EYLEA) (Vial) 40 mg in 1mL Solution f,AFLIBERCEPT,Aflibercept,exact,1.0
PREDNISOLONE (FOR HOMECARE THERAPY),PREDNISOLONE,Abiraterone in combination with prednisolone or prednisone (2nd line),substring,1.0
MITOTANE,MITOTANE,no_ta_match,no_ta_match,1.0
DARBEPOETIN SURECLICK,DARBEPOETIN ALFA,"Erythropoiesis-stimulating agents (epoetin alfa, beta, theta and zeta, and darbepoetin alfa)",substring,1.0
RIVAROXABAN  20MG FILM COATED TABLETS 28 TABLETS PACK PACK OF 1,RIVAROXABAN,Rivaroxaban,exact,1.0
AMIKACIN LIPOSOMAL,AMIKACIN,no_ta_match,no_ta_match,
